detected,TP,FP,FN,sensitivity,PPV,DER,timing_mae_ms,fp_in_gap,fp_outside_span,fp_genuine,fp_in_span,fp_frac_in_gap,record,channel,group,gestation_weeks,ref_beats,units,fs,n_gaps,supplementary
391,375,16,0,1.0,0.959079283887468,0.042666666666666665,21.949333333333332,15,0,1,16,0.9375,ecgca102.edf,Thorax_1,thoracic,22.142857142857142,375,mV,1000.0,15,False
390,374,16,1,0.9973333333333333,0.958974358974359,0.04533333333333334,24.981283422459892,15,0,1,16,0.9375,ecgca102.edf,Thorax_2,thoracic,22.142857142857142,375,mV,1000.0,15,False
336,308,28,67,0.8213333333333334,0.9166666666666666,0.25333333333333335,7.785714285714286,15,0,13,28,0.5357142857142857,ecgca102.edf,Abdomen_1,abdominal,22.142857142857142,375,uV,1000.0,15,False
392,372,20,3,0.992,0.9489795918367347,0.06133333333333333,7.212365591397849,15,0,5,20,0.75,ecgca102.edf,Abdomen_2,abdominal,22.142857142857142,375,uV,1000.0,15,False
398,373,25,2,0.9946666666666667,0.9371859296482412,0.072,7.7479892761394105,16,0,9,25,0.64,ecgca102.edf,Abdomen_3,abdominal,22.142857142857142,375,uV,1000.0,15,False
1230,1143,87,3,0.9973821989528796,0.9292682926829269,0.07853403141361257,5.111986001749782,86,0,1,87,0.9885057471264368,ecgca115.edf,Thorax_1,thoracic,27.857142857142858,1146,mV,1000.0,86,False
1230,1143,87,3,0.9973821989528796,0.9292682926829269,0.07853403141361257,14.019247594050743,86,0,1,87,0.9885057471264368,ecgca115.edf,Thorax_2,thoracic,27.857142857142858,1146,mV,1000.0,86,False
1233,1143,90,3,0.9973821989528796,0.927007299270073,0.08115183246073299,8.004374453193352,87,0,3,90,0.9666666666666667,ecgca115.edf,Abdomen_1,abdominal,27.857142857142858,1146,uV,1000.0,86,False
1233,1143,90,3,0.9973821989528796,0.927007299270073,0.08115183246073299,7.785651793525809,86,0,4,90,0.9555555555555556,ecgca115.edf,Abdomen_2,abdominal,27.857142857142858,1146,uV,1000.0,86,False
1232,1143,89,3,0.9973821989528796,0.9277597402597403,0.08027923211169284,9.539807524059492,86,0,3,89,0.9662921348314607,ecgca115.edf,Abdomen_3,abdominal,27.857142857142858,1146,uV,1000.0,86,False
1234,1143,91,3,0.9973821989528796,0.9262560777957861,0.08202443280977312,9.11111111111111,86,0,5,91,0.945054945054945,ecgca115.edf,Abdomen_4,abdominal,27.857142857142858,1146,uV,1000.0,86,False
1127,1036,91,0,1.0,0.9192546583850931,0.08783783783783784,6.318532818532819,91,0,0,91,1.0,ecgca127.edf,Thorax_1,thoracic,31.571428571428573,1036,mV,1000.0,91,False
1127,1036,91,0,1.0,0.9192546583850931,0.08783783783783784,9.373552123552123,91,0,0,91,1.0,ecgca127.edf,Thorax_2,thoracic,31.571428571428573,1036,mV,1000.0,91,False
1127,1036,91,0,1.0,0.9192546583850931,0.08783783783783784,7.928571428571429,91,0,0,91,1.0,ecgca127.edf,Abdomen_1,abdominal,31.571428571428573,1036,uV,1000.0,91,False
1129,1036,93,0,1.0,0.9176262178919398,0.08976833976833977,7.648648648648648,91,1,1,92,0.9891304347826086,ecgca127.edf,Abdomen_2,abdominal,31.571428571428573,1036,uV,1000.0,91,False
1131,1036,95,0,1.0,0.9160035366931919,0.0916988416988417,9.044401544401545,91,0,4,95,0.9578947368421052,ecgca127.edf,Abdomen_3,abdominal,31.571428571428573,1036,uV,1000.0,91,False
1192,1034,158,2,0.9980694980694981,0.8674496644295302,0.15444015444015444,8.717601547388782,101,1,56,157,0.643312101910828,ecgca127.edf,Abdomen_4,abdominal,31.571428571428573,1036,uV,1000.0,91,False
468,435,33,0,1.0,0.9294871794871795,0.07586206896551724,19.49655172413793,32,1,0,32,1.0,ecgca154.edf,Thorax_1,thoracic,22.142857142857142,435,mV,1000.0,32,False
468,435,33,0,1.0,0.9294871794871795,0.07586206896551724,24.862068965517242,32,1,0,32,1.0,ecgca154.edf,Thorax_2,thoracic,22.142857142857142,435,mV,1000.0,32,False
472,435,37,0,1.0,0.9216101694915254,0.08505747126436781,6.418390804597701,33,2,2,35,0.9428571428571428,ecgca154.edf,Abdomen_1,abdominal,22.142857142857142,435,uV,1000.0,32,False
228,209,19,226,0.4804597701149425,0.9166666666666666,0.5632183908045977,7.181818181818182,15,2,2,17,0.8823529411764706,ecgca154.edf,Abdomen_2,abdominal,22.142857142857142,435,uV,1000.0,32,False
470,435,35,0,1.0,0.925531914893617,0.08045977011494253,7.657471264367816,32,2,1,33,0.9696969696969697,ecgca154.edf,Abdomen_3,abdominal,22.142857142857142,435,uV,1000.0,32,False
459,430,29,1,0.9976798143851509,0.9368191721132898,0.06960556844547564,23.188372093023254,27,1,1,28,0.9642857142857143,ecgca192.edf,Thorax_1,thoracic,22.142857142857142,431,mV,1000.0,27,False
455,427,28,4,0.9907192575406032,0.9384615384615385,0.07424593967517401,25.370023419203747,27,1,0,27,1.0,ecgca192.edf,Thorax_2,thoracic,22.142857142857142,431,mV,1000.0,27,False
445,417,28,14,0.9675174013921114,0.9370786516853933,0.09744779582366589,8.009592326139089,27,0,1,28,0.9642857142857143,ecgca192.edf,Abdomen_1,abdominal,22.142857142857142,431,uV,1000.0,27,False
446,417,29,14,0.9675174013921114,0.9349775784753364,0.09976798143851508,7.911270983213429,26,0,3,29,0.896551724137931,ecgca192.edf,Abdomen_2,abdominal,22.142857142857142,431,uV,1000.0,27,False
445,414,31,17,0.9605568445475638,0.9303370786516854,0.11136890951276102,8.828502415458937,27,0,4,31,0.8709677419354839,ecgca192.edf,Abdomen_3,abdominal,22.142857142857142,431,uV,1000.0,27,False
1038,955,83,0,1.0,0.9200385356454721,0.08691099476439791,5.7518324607329845,83,0,0,83,1.0,ecgca244.edf,Thorax_1,thoracic,38.0,955,mV,1000.0,83,False
1039,955,84,0,1.0,0.9191530317613089,0.08795811518324607,3.4041884816753925,83,0,1,84,0.9880952380952381,ecgca244.edf,Thorax_2,thoracic,38.0,955,mV,1000.0,83,False
1038,955,83,0,1.0,0.9200385356454721,0.08691099476439791,9.502617801047121,83,0,0,83,1.0,ecgca244.edf,Abdomen_1,abdominal,38.0,955,uV,1000.0,83,False
1041,954,87,1,0.9989528795811519,0.9164265129682997,0.09214659685863874,9.79979035639413,84,1,2,86,0.9767441860465116,ecgca244.edf,Abdomen_2,abdominal,38.0,955,uV,1000.0,83,False
1039,955,84,0,1.0,0.9191530317613089,0.08795811518324607,9.208376963350785,83,1,0,83,1.0,ecgca244.edf,Abdomen_3,abdominal,38.0,955,uV,1000.0,83,False
1038,955,83,0,1.0,0.9200385356454721,0.08691099476439791,7.032460732984293,83,0,0,83,1.0,ecgca244.edf,Abdomen_4,abdominal,38.0,955,uV,1000.0,83,False
1021,963,58,0,1.0,0.9431929480901078,0.060228452751817235,6.489096573208723,58,0,0,58,1.0,ecgca252.edf,Thorax_1,thoracic,29.285714285714285,963,mV,1000.0,58,False
1021,963,58,0,1.0,0.9431929480901078,0.060228452751817235,7.894080996884735,58,0,0,58,1.0,ecgca252.edf,Thorax_2,thoracic,29.285714285714285,963,mV,1000.0,58,False
1022,963,59,0,1.0,0.9422700587084148,0.0612668743509865,8.700934579439252,58,0,1,59,0.9830508474576272,ecgca252.edf,Abdomen_1,abdominal,29.285714285714285,963,uV,1000.0,58,False
1021,963,58,0,1.0,0.9431929480901078,0.060228452751817235,8.555555555555555,58,0,0,58,1.0,ecgca252.edf,Abdomen_2,abdominal,29.285714285714285,963,uV,1000.0,58,False
1021,963,58,0,1.0,0.9431929480901078,0.060228452751817235,9.766355140186915,58,0,0,58,1.0,ecgca252.edf,Abdomen_3,abdominal,29.285714285714285,963,uV,1000.0,58,False
1021,963,58,0,1.0,0.9431929480901078,0.060228452751817235,9.331256490134995,58,0,0,58,1.0,ecgca252.edf,Abdomen_4,abdominal,29.285714285714285,963,uV,1000.0,58,False
629,592,37,0,1.0,0.9411764705882353,0.0625,6.023648648648648,36,1,0,36,1.0,ecgca274.edf,Thorax_1,thoracic,23.857142857142858,592,mV,1000.0,36,False
629,592,37,0,1.0,0.9411764705882353,0.0625,7.5625,36,1,0,36,1.0,ecgca274.edf,Thorax_2,thoracic,23.857142857142858,592,mV,1000.0,36,False
630,592,38,0,1.0,0.9396825396825397,0.06418918918918919,9.18918918918919,36,2,0,36,1.0,ecgca274.edf,Abdomen_1,abdominal,23.857142857142858,592,uV,1000.0,36,False
630,592,38,0,1.0,0.9396825396825397,0.06418918918918919,9.24831081081081,36,2,0,36,1.0,ecgca274.edf,Abdomen_2,abdominal,23.857142857142858,592,uV,1000.0,36,False
630,592,38,0,1.0,0.9396825396825397,0.06418918918918919,7.6824324324324325,36,2,0,36,1.0,ecgca274.edf,Abdomen_3,abdominal,23.857142857142858,592,uV,1000.0,36,False
1865,1735,130,0,1.0,0.9302949061662198,0.07492795389048991,8.03227665706052,128,1,1,129,0.9922480620155039,ecgca290.edf,Thorax_1,thoracic,38.0,1735,mV,1000.0,128,False
1864,1735,129,0,1.0,0.930793991416309,0.07435158501440922,22.0985590778098,128,0,1,129,0.9922480620155039,ecgca290.edf,Thorax_2,thoracic,38.0,1735,mV,1000.0,128,False
1865,1735,130,0,1.0,0.9302949061662198,0.07492795389048991,9.24207492795389,128,1,1,129,0.9922480620155039,ecgca290.edf,Abdomen_1,abdominal,38.0,1735,uV,1000.0,128,False
1880,1732,148,3,0.9982708933717579,0.9212765957446809,0.08703170028818444,9.58256351039261,130,0,18,148,0.8783783783783784,ecgca290.edf,Abdomen_2,abdominal,38.0,1735,uV,1000.0,128,False
1865,1735,130,0,1.0,0.9302949061662198,0.07492795389048991,9.73256484149856,128,1,1,129,0.9922480620155039,ecgca290.edf,Abdomen_3,abdominal,38.0,1735,uV,1000.0,128,False
1866,1735,131,0,1.0,0.9297963558413719,0.07550432276657061,11.360806916426514,129,1,1,130,0.9923076923076923,ecgca290.edf,Abdomen_4,abdominal,38.0,1735,uV,1000.0,128,False
223,211,12,0,1.0,0.9461883408071748,0.05687203791469194,6.938388625592417,11,1,0,11,1.0,ecgca300.edf,Thorax_1,thoracic,23.857142857142858,211,mV,1000.0,11,False
223,211,12,0,1.0,0.9461883408071748,0.05687203791469194,7.682464454976303,11,1,0,11,1.0,ecgca300.edf,Thorax_2,thoracic,23.857142857142858,211,mV,1000.0,11,False
223,211,12,0,1.0,0.9461883408071748,0.05687203791469194,9.563981042654028,11,1,0,11,1.0,ecgca300.edf,Abdomen_1,abdominal,23.857142857142858,211,uV,1000.0,11,False
223,211,12,0,1.0,0.9461883408071748,0.05687203791469194,9.530805687203792,11,1,0,11,1.0,ecgca300.edf,Abdomen_2,abdominal,23.857142857142858,211,uV,1000.0,11,False
224,211,13,0,1.0,0.9419642857142857,0.061611374407582936,8.796208530805687,11,1,1,12,0.9166666666666666,ecgca300.edf,Abdomen_3,abdominal,23.857142857142858,211,uV,1000.0,11,False
1074,987,87,0,1.0,0.9189944134078212,0.08814589665653495,9.356636271529888,86,1,0,86,1.0,ecgca308.edf,Thorax_1,thoracic,30.714285714285715,987,mV,1000.0,86,False
1074,987,87,0,1.0,0.9189944134078212,0.08814589665653495,28.069908814589667,86,1,0,86,1.0,ecgca308.edf,Thorax_2,thoracic,30.714285714285715,987,mV,1000.0,86,False
1074,987,87,0,1.0,0.9189944134078212,0.08814589665653495,9.926038500506586,86,1,0,86,1.0,ecgca308.edf,Abdomen_1,abdominal,30.714285714285715,987,uV,1000.0,86,False
1074,987,87,0,1.0,0.9189944134078212,0.08814589665653495,10.102330293819655,86,1,0,86,1.0,ecgca308.edf,Abdomen_2,abdominal,30.714285714285715,987,uV,1000.0,86,False
1078,987,91,0,1.0,0.9155844155844156,0.09219858156028368,8.135764944275582,86,1,4,90,0.9555555555555556,ecgca308.edf,Abdomen_3,abdominal,30.714285714285715,987,uV,1000.0,86,False
1074,987,87,0,1.0,0.9189944134078212,0.08814589665653495,8.32016210739615,86,1,0,86,1.0,ecgca308.edf,Abdomen_4,abdominal,30.714285714285715,987,uV,1000.0,86,False
651,610,41,0,1.0,0.9370199692780338,0.06721311475409836,8.936065573770492,41,0,0,41,1.0,ecgca323.edf,Thorax_1,thoracic,24.285714285714285,610,mV,1000.0,41,False
651,610,41,0,1.0,0.9370199692780338,0.06721311475409836,6.277049180327869,41,0,0,41,1.0,ecgca323.edf,Thorax_2,thoracic,24.285714285714285,610,mV,1000.0,41,False
651,610,41,0,1.0,0.9370199692780338,0.06721311475409836,9.763934426229508,41,0,0,41,1.0,ecgca323.edf,Abdomen_1,abdominal,24.285714285714285,610,uV,1000.0,41,False
652,610,42,0,1.0,0.9355828220858896,0.06885245901639345,10.583606557377049,41,1,0,41,1.0,ecgca323.edf,Abdomen_2,abdominal,24.285714285714285,610,uV,1000.0,41,False
651,610,41,0,1.0,0.9370199692780338,0.06721311475409836,9.895081967213114,41,0,0,41,1.0,ecgca323.edf,Abdomen_3,abdominal,24.285714285714285,610,uV,1000.0,41,False
684,641,43,0,1.0,0.9371345029239766,0.06708268330733229,10.705148205928237,42,1,0,42,1.0,ecgca368.edf,Thorax_1,thoracic,24.285714285714285,641,mV,1000.0,42,False
684,641,43,0,1.0,0.9371345029239766,0.06708268330733229,9.249609984399376,42,1,0,42,1.0,ecgca368.edf,Thorax_2,thoracic,24.285714285714285,641,mV,1000.0,42,False
684,641,43,0,1.0,0.9371345029239766,0.06708268330733229,10.5600624024961,42,1,0,42,1.0,ecgca368.edf,Abdomen_1,abdominal,24.285714285714285,641,uV,1000.0,42,False
685,641,44,0,1.0,0.9357664233576642,0.0686427457098284,11.223088923556942,42,1,1,43,0.9767441860465116,ecgca368.edf,Abdomen_2,abdominal,24.285714285714285,641,uV,1000.0,42,False
683,640,43,1,0.9984399375975039,0.9370424597364568,0.0686427457098284,10.165625,42,0,1,43,0.9767441860465116,ecgca368.edf,Abdomen_3,abdominal,24.285714285714285,641,uV,1000.0,42,False
764,713,51,0,1.0,0.9332460732984293,0.07152875175315568,23.46844319775596,50,1,0,50,1.0,ecgca384.edf,Thorax_1,thoracic,31.571428571428573,713,mV,1000.0,50,False
764,713,51,0,1.0,0.9332460732984293,0.07152875175315568,31.230014025245442,50,1,0,50,1.0,ecgca384.edf,Thorax_2,thoracic,31.571428571428573,713,mV,1000.0,50,False
764,713,51,0,1.0,0.9332460732984293,0.07152875175315568,10.56100981767181,50,1,0,50,1.0,ecgca384.edf,Abdomen_1,abdominal,31.571428571428573,713,uV,1000.0,50,False
764,713,51,0,1.0,0.9332460732984293,0.07152875175315568,10.775596072931275,50,1,0,50,1.0,ecgca384.edf,Abdomen_2,abdominal,31.571428571428573,713,uV,1000.0,50,False
766,713,53,0,1.0,0.9308093994778068,0.07433380084151472,10.866760168302946,50,1,2,52,0.9615384615384616,ecgca384.edf,Abdomen_3,abdominal,31.571428571428573,713,uV,1000.0,50,False
772,713,59,0,1.0,0.9235751295336787,0.08274894810659186,11.847124824684432,52,1,6,58,0.896551724137931,ecgca384.edf,Abdomen_4,abdominal,31.571428571428573,713,uV,1000.0,50,False
617,569,48,0,1.0,0.9222042139384117,0.0843585237258348,7.3321616871704745,48,0,0,48,1.0,ecgca392.edf,Thorax_1,thoracic,33.57142857142857,569,mV,1000.0,48,False
617,569,48,0,1.0,0.9222042139384117,0.0843585237258348,6.919156414762742,48,0,0,48,1.0,ecgca392.edf,Thorax_2,thoracic,33.57142857142857,569,mV,1000.0,48,False
617,569,48,0,1.0,0.9222042139384117,0.0843585237258348,8.103690685413005,48,0,0,48,1.0,ecgca392.edf,Abdomen_1,abdominal,33.57142857142857,569,uV,1000.0,48,False
618,569,49,0,1.0,0.9207119741100324,0.08611599297012303,7.838312829525483,48,1,0,48,1.0,ecgca392.edf,Abdomen_2,abdominal,33.57142857142857,569,uV,1000.0,48,False
618,569,49,0,1.0,0.9207119741100324,0.08611599297012303,6.752196836555361,48,1,0,48,1.0,ecgca392.edf,Abdomen_3,abdominal,33.57142857142857,569,uV,1000.0,48,False
619,569,50,0,1.0,0.9192245557350566,0.08787346221441125,8.975395430579965,48,1,1,49,0.9795918367346939,ecgca392.edf,Abdomen_4,abdominal,33.57142857142857,569,uV,1000.0,48,False
218,203,15,0,1.0,0.9311926605504587,0.07389162561576355,8.438423645320198,15,0,0,15,1.0,ecgca410.edf,Thorax_1,thoracic,24.285714285714285,203,mV,1000.0,15,False
218,203,15,0,1.0,0.9311926605504587,0.07389162561576355,7.187192118226601,15,0,0,15,1.0,ecgca410.edf,Thorax_2,thoracic,24.285714285714285,203,mV,1000.0,15,False
219,203,16,0,1.0,0.9269406392694064,0.07881773399014778,9.660098522167488,15,1,0,15,1.0,ecgca410.edf,Abdomen_1,abdominal,24.285714285714285,203,uV,1000.0,15,False
218,203,15,0,1.0,0.9311926605504587,0.07389162561576355,9.847290640394089,15,0,0,15,1.0,ecgca410.edf,Abdomen_2,abdominal,24.285714285714285,203,uV,1000.0,15,False
229,203,26,0,1.0,0.8864628820960698,0.12807881773399016,8.980295566502463,16,0,10,26,0.6153846153846154,ecgca410.edf,Abdomen_3,abdominal,24.285714285714285,203,uV,1000.0,15,False
532,494,38,9,0.9821073558648111,0.9285714285714286,0.09343936381709742,8.313765182186234,36,0,2,38,0.9473684210526315,ecgca416.edf,Thorax_1,thoracic,33.57142857142857,503,mV,1000.0,36,False
533,495,38,8,0.9840954274353877,0.9287054409005628,0.09145129224652088,7.519191919191919,36,0,2,38,0.9473684210526315,ecgca416.edf,Thorax_2,thoracic,33.57142857142857,503,mV,1000.0,36,False
534,490,44,13,0.974155069582505,0.9176029962546817,0.11332007952286283,9.69795918367347,36,0,8,44,0.8181818181818182,ecgca416.edf,Abdomen_1,abdominal,33.57142857142857,503,uV,1000.0,36,False
533,492,41,11,0.9781312127236581,0.9230769230769231,0.10337972166998012,10.272357723577235,36,0,5,41,0.8780487804878049,ecgca416.edf,Abdomen_2,abdominal,33.57142857142857,503,uV,1000.0,36,False
534,487,47,16,0.9681908548707754,0.9119850187265918,0.12524850894632206,9.381930184804927,36,0,11,47,0.7659574468085106,ecgca416.edf,Abdomen_3,abdominal,33.57142857142857,503,uV,1000.0,36,False
37,28,9,475,0.055666003976143144,0.7567567567567568,0.9622266401590457,33.25,1,0,8,9,0.1111111111111111,ecgca416.edf,Abdomen_4,abdominal,33.57142857142857,503,uV,1000.0,36,False
913,849,64,30,0.9658703071672355,0.9299014238773274,0.10693970420932879,11.962308598351001,56,1,7,63,0.8888888888888888,ecgca436.edf,Thorax_1,thoracic,31.571428571428573,879,mV,1000.0,55,False
913,847,66,32,0.9635949943117179,0.927710843373494,0.11149032992036405,13.489964580873671,56,1,9,65,0.8615384615384616,ecgca436.edf,Thorax_2,thoracic,31.571428571428573,879,mV,1000.0,55,False
924,840,84,39,0.9556313993174061,0.9090909090909091,0.13993174061433447,11.367857142857142,58,1,25,83,0.6987951807228916,ecgca436.edf,Abdomen_1,abdominal,31.571428571428573,879,uV,1000.0,55,False
284,254,30,625,0.28896473265073946,0.8943661971830986,0.745164960182025,17.29527559055118,15,0,15,30,0.5,ecgca436.edf,Abdomen_2,abdominal,31.571428571428573,879,uV,1000.0,55,False
300,271,29,608,0.3083048919226394,0.9033333333333333,0.7246871444823664,18.70479704797048,14,1,14,28,0.5,ecgca436.edf,Abdomen_3,abdominal,31.571428571428573,879,uV,1000.0,55,False
287,253,34,626,0.28782707622298065,0.8815331010452961,0.7508532423208191,18.731225296442688,15,0,19,34,0.4411764705882353,ecgca436.edf,Abdomen_4,abdominal,31.571428571428573,879,uV,1000.0,55,False
2180,2028,152,0,1.0,0.9302752293577982,0.07495069033530571,7.020216962524655,151,0,1,152,0.993421052631579,ecgca444.edf,Thorax_1,thoracic,39.0,2028,mV,1000.0,151,False
2180,2028,152,0,1.0,0.9302752293577982,0.07495069033530571,27.97879684418146,151,0,1,152,0.993421052631579,ecgca444.edf,Thorax_2,thoracic,39.0,2028,mV,1000.0,151,False
2181,2028,153,0,1.0,0.9298486932599724,0.07544378698224852,9.199704142011834,151,0,2,153,0.9869281045751634,ecgca444.edf,Abdomen_1,abdominal,39.0,2028,uV,1000.0,151,False
2180,2027,153,1,0.9995069033530573,0.9298165137614679,0.07593688362919132,9.506166748889985,151,0,2,153,0.9869281045751634,ecgca444.edf,Abdomen_2,abdominal,39.0,2028,uV,1000.0,151,False
2181,2028,153,0,1.0,0.9298486932599724,0.07544378698224852,9.628205128205128,151,0,2,153,0.9869281045751634,ecgca444.edf,Abdomen_3,abdominal,39.0,2028,uV,1000.0,151,False
2183,2028,155,0,1.0,0.9289967934035731,0.07642998027613412,10.556706114398422,151,0,4,155,0.9741935483870968,ecgca444.edf,Abdomen_4,abdominal,39.0,2028,uV,1000.0,151,False
272,252,20,0,1.0,0.9264705882352942,0.07936507936507936,27.333333333333332,19,1,0,19,1.0,ecgca445.edf,Thorax_1,thoracic,22.142857142857142,252,mV,1000.0,18,False
271,252,19,0,1.0,0.9298892988929889,0.07539682539682539,25.293650793650794,18,1,0,18,1.0,ecgca445.edf,Thorax_2,thoracic,22.142857142857142,252,mV,1000.0,18,False
271,251,20,1,0.996031746031746,0.9261992619926199,0.08333333333333333,6.721115537848606,19,1,0,19,1.0,ecgca445.edf,Abdomen_1,abdominal,22.142857142857142,252,uV,1000.0,18,False
263,244,19,8,0.9682539682539683,0.9277566539923955,0.10714285714285714,7.565573770491803,19,0,0,19,1.0,ecgca445.edf,Abdomen_2,abdominal,22.142857142857142,252,uV,1000.0,18,False
271,251,20,1,0.996031746031746,0.9261992619926199,0.08333333333333333,8.195219123505977,19,1,0,19,1.0,ecgca445.edf,Abdomen_3,abdominal,22.142857142857142,252,uV,1000.0,18,False
336,310,26,0,1.0,0.9226190476190477,0.08387096774193549,7.193548387096774,23,1,2,25,0.92,ecgca473.edf,Thorax_1,thoracic,40.285714285714285,310,mV,1000.0,23,False
337,310,27,0,1.0,0.9198813056379822,0.08709677419354839,4.187096774193549,23,1,3,26,0.8846153846153846,ecgca473.edf,Thorax_2,thoracic,40.285714285714285,310,mV,1000.0,23,False
333,308,25,2,0.9935483870967742,0.924924924924925,0.08709677419354839,7.983766233766233,23,1,1,24,0.9583333333333334,ecgca473.edf,Abdomen_1,abdominal,40.285714285714285,310,uV,1000.0,23,False
298,276,22,34,0.8903225806451613,0.9261744966442953,0.18064516129032257,7.91304347826087,19,1,2,21,0.9047619047619048,ecgca473.edf,Abdomen_2,abdominal,40.285714285714285,310,uV,1000.0,23,False
339,307,32,3,0.9903225806451613,0.9056047197640118,0.11290322580645161,8.42671009771987,22,2,8,30,0.7333333333333333,ecgca473.edf,Abdomen_3,abdominal,40.285714285714285,310,uV,1000.0,23,False
337,310,27,0,1.0,0.9198813056379822,0.08709677419354839,4.809677419354839,23,1,3,26,0.8846153846153846,ecgca473.edf,Abdomen_4,abdominal,40.285714285714285,310,uV,1000.0,23,False
1308,1205,103,17,0.986088379705401,0.9212538226299695,0.09819967266775777,13.190871369294605,83,0,20,103,0.8058252427184466,ecgca515.edf,Thorax_1,thoracic,37.142857142857146,1222,mV,1000.0,83,False
1299,1194,105,28,0.9770867430441899,0.9191685912240185,0.1088379705400982,21.502512562814072,83,0,22,105,0.7904761904761904,ecgca515.edf,Thorax_2,thoracic,37.142857142857146,1222,mV,1000.0,83,False
557,500,57,722,0.40916530278232405,0.8976660682226212,0.6374795417348609,11.356,27,0,30,57,0.47368421052631576,ecgca515.edf,Abdomen_1,abdominal,37.142857142857146,1222,uV,1000.0,83,False
563,510,53,712,0.41734860883797054,0.9058614564831261,0.6260229132569558,12.905882352941177,25,0,28,53,0.4716981132075472,ecgca515.edf,Abdomen_2,abdominal,37.142857142857146,1222,uV,1000.0,83,False
578,521,57,701,0.42635024549918166,0.9013840830449827,0.6202945990180033,15.92898272552783,28,0,29,57,0.49122807017543857,ecgca515.edf,Abdomen_3,abdominal,37.142857142857146,1222,uV,1000.0,83,False
563,508,55,714,0.4157119476268412,0.9023090586145648,0.6292962356792144,13.608267716535433,25,0,30,55,0.45454545454545453,ecgca515.edf,Abdomen_4,abdominal,37.142857142857146,1222,uV,1000.0,83,False
1471,1362,109,0,1.0,0.9259007477906186,0.08002936857562408,7.892070484581497,108,1,0,108,1.0,ecgca571.edf,Thorax_1,thoracic,25.0,1362,mV,1000.0,108,False
1470,1361,109,1,0.9992657856093979,0.9258503401360544,0.08076358296622614,2.0543717854518735,108,1,0,108,1.0,ecgca571.edf,Thorax_2,thoracic,25.0,1362,mV,1000.0,108,False
1473,1360,113,2,0.9985315712187959,0.923285811269518,0.08443465491923642,10.336029411764706,109,1,3,112,0.9732142857142857,ecgca571.edf,Abdomen_1,abdominal,25.0,1362,uV,1000.0,108,False
704,641,63,721,0.47063142437591776,0.9105113636363636,0.5756240822320118,12.062402496099844,56,0,7,63,0.8888888888888888,ecgca571.edf,Abdomen_2,abdominal,25.0,1362,uV,1000.0,108,False
1474,1360,114,2,0.9985315712187959,0.9226594301221167,0.08516886930983847,11.227941176470589,108,1,5,113,0.9557522123893806,ecgca571.edf,Abdomen_3,abdominal,25.0,1362,uV,1000.0,108,False
678,615,63,747,0.45154185022026433,0.9070796460176991,0.5947136563876652,10.06829268292683,55,0,8,63,0.873015873015873,ecgca571.edf,Abdomen_4,abdominal,25.0,1362,uV,1000.0,108,False
861,793,68,15,0.9814356435643564,0.9210220673635308,0.10272277227722772,9.380832282471626,66,1,1,67,0.9850746268656716,ecgca585.edf,Thorax_1,thoracic,38.285714285714285,808,mV,1000.0,66,False
863,795,68,13,0.9839108910891089,0.9212050984936269,0.10024752475247525,11.615094339622642,66,1,1,67,0.9850746268656716,ecgca585.edf,Thorax_2,thoracic,38.285714285714285,808,mV,1000.0,66,False
865,791,74,17,0.9789603960396039,0.9144508670520232,0.11262376237623763,10.757269279393173,66,1,7,73,0.9041095890410958,ecgca585.edf,Abdomen_1,abdominal,38.285714285714285,808,uV,1000.0,66,False
858,787,71,21,0.974009900990099,0.9172494172494172,0.11386138613861387,10.010165184243965,66,0,5,71,0.9295774647887324,ecgca585.edf,Abdomen_2,abdominal,38.285714285714285,808,uV,1000.0,66,False
861,789,72,19,0.9764851485148515,0.9163763066202091,0.11262376237623763,10.060836501901141,68,0,4,72,0.9444444444444444,ecgca585.edf,Abdomen_3,abdominal,38.285714285714285,808,uV,1000.0,66,False
879,792,87,16,0.9801980198019802,0.9010238907849829,0.12747524752475248,9.494949494949495,70,1,16,86,0.813953488372093,ecgca585.edf,Abdomen_4,abdominal,38.285714285714285,808,uV,1000.0,66,False
550,502,48,5,0.9901380670611439,0.9127272727272727,0.10453648915187377,5.99203187250996,46,1,1,47,0.9787234042553191,ecgca595.edf,Thorax_1,thoracic,35.857142857142854,507,mV,1000.0,46,False
551,503,48,4,0.9921104536489151,0.9128856624319419,0.10256410256410256,22.805168986083498,46,1,1,47,0.9787234042553191,ecgca595.edf,Thorax_2,thoracic,35.857142857142854,507,mV,1000.0,46,False
544,494,50,13,0.9743589743589743,0.9080882352941176,0.1242603550295858,6.4534412955465585,47,0,3,50,0.94,ecgca595.edf,Abdomen_1,abdominal,35.857142857142854,507,uV,1000.0,46,False
542,491,51,16,0.9684418145956607,0.9059040590405905,0.13214990138067062,6.720977596741344,48,0,3,51,0.9411764705882353,ecgca595.edf,Abdomen_2,abdominal,35.857142857142854,507,uV,1000.0,46,False
544,495,49,12,0.9763313609467456,0.9099264705882353,0.1203155818540434,8.036363636363637,46,0,3,49,0.9387755102040817,ecgca595.edf,Abdomen_3,abdominal,35.857142857142854,507,uV,1000.0,46,False
431,391,40,116,0.7712031558185405,0.9071925754060325,0.3076923076923077,8.327365728900256,37,0,3,40,0.925,ecgca595.edf,Abdomen_4,abdominal,35.857142857142854,507,uV,1000.0,46,False
2328,2169,159,0,1.0,0.9317010309278351,0.07330567081604426,14.816044260027663,159,0,0,159,1.0,ecgca597.edf,Thorax_1,thoracic,38.285714285714285,2169,mV,1000.0,159,False
2328,2168,160,1,0.9995389580451821,0.9312714776632303,0.07422775472568004,7.357933579335794,159,0,1,160,0.99375,ecgca597.edf,Thorax_2,thoracic,38.285714285714285,2169,mV,1000.0,159,False
2334,2169,165,0,1.0,0.929305912596401,0.07607192254495158,9.252650991240204,161,0,4,165,0.9757575757575757,ecgca597.edf,Abdomen_1,abdominal,38.285714285714285,2169,uV,1000.0,159,False
2330,2169,161,0,1.0,0.9309012875536481,0.07422775472568004,9.603964960811433,159,0,2,161,0.9875776397515528,ecgca597.edf,Abdomen_2,abdominal,38.285714285714285,2169,uV,1000.0,159,False
2356,2169,187,0,1.0,0.9206281833616299,0.08621484555094514,9.681881051175656,166,0,21,187,0.8877005347593583,ecgca597.edf,Abdomen_3,abdominal,38.285714285714285,2169,uV,1000.0,159,False
2371,2167,204,2,0.9990779160903642,0.9139603542808942,0.09497464269248501,10.742501153668666,167,0,37,204,0.8186274509803921,ecgca597.edf,Abdomen_4,abdominal,38.285714285714285,2169,uV,1000.0,159,False
1706,1585,121,0,1.0,0.929073856975381,0.07634069400630915,5.999369085173502,120,1,0,120,1.0,ecgca621.edf,Thorax_1,thoracic,30.714285714285715,1585,mV,1000.0,120,False
1706,1585,121,0,1.0,0.929073856975381,0.07634069400630915,5.004416403785489,120,1,0,120,1.0,ecgca621.edf,Thorax_2,thoracic,30.714285714285715,1585,mV,1000.0,120,False
1712,1584,128,1,0.9993690851735015,0.9252336448598131,0.08138801261829653,7.078914141414141,122,1,5,127,0.9606299212598425,ecgca621.edf,Abdomen_1,abdominal,30.714285714285715,1585,uV,1000.0,120,False
1705,1583,122,2,0.9987381703470032,0.9284457478005865,0.07823343848580441,6.913455464308275,120,1,1,121,0.9917355371900827,ecgca621.edf,Abdomen_2,abdominal,30.714285714285715,1585,uV,1000.0,120,False
1713,1584,129,1,0.9993690851735015,0.9246935201401051,0.08201892744479496,8.729166666666666,122,1,6,128,0.953125,ecgca621.edf,Abdomen_3,abdominal,30.714285714285715,1585,uV,1000.0,120,False
1717,1585,132,0,1.0,0.9231217239370996,0.0832807570977918,8.235331230283911,121,1,10,131,0.9236641221374046,ecgca621.edf,Abdomen_4,abdominal,30.714285714285715,1585,uV,1000.0,120,False
588,542,46,5,0.9908592321755028,0.9217687074829932,0.09323583180987204,6.077490774907749,46,0,0,46,1.0,ecgca629.edf,Thorax_1,thoracic,35.857142857142854,547,mV,1000.0,46,False
588,542,46,5,0.9908592321755028,0.9217687074829932,0.09323583180987204,23.7619926199262,46,0,0,46,1.0,ecgca629.edf,Thorax_2,thoracic,35.857142857142854,547,mV,1000.0,46,False
588,542,46,5,0.9908592321755028,0.9217687074829932,0.09323583180987204,7.416974169741698,46,0,0,46,1.0,ecgca629.edf,Abdomen_1,abdominal,35.857142857142854,547,uV,1000.0,46,False
588,542,46,5,0.9908592321755028,0.9217687074829932,0.09323583180987204,7.127306273062731,46,0,0,46,1.0,ecgca629.edf,Abdomen_2,abdominal,35.857142857142854,547,uV,1000.0,46,False
588,542,46,5,0.9908592321755028,0.9217687074829932,0.09323583180987204,8.74169741697417,46,0,0,46,1.0,ecgca629.edf,Abdomen_3,abdominal,35.857142857142854,547,uV,1000.0,46,False
588,541,47,6,0.9890310786106032,0.9200680272108843,0.09689213893967093,8.54158964879852,46,0,1,47,0.9787234042553191,ecgca629.edf,Abdomen_4,abdominal,35.857142857142854,547,uV,1000.0,46,False
2161,2032,129,0,1.0,0.940305414160111,0.06348425196850394,6.143700787401575,128,1,0,128,1.0,ecgca649.edf,Thorax_1,thoracic,23.857142857142858,2032,mV,1000.0,128,False
2161,2032,129,0,1.0,0.940305414160111,0.06348425196850394,8.019192913385826,128,1,0,128,1.0,ecgca649.edf,Thorax_2,thoracic,23.857142857142858,2032,mV,1000.0,128,False
2161,2032,129,0,1.0,0.940305414160111,0.06348425196850394,8.242125984251969,128,1,0,128,1.0,ecgca649.edf,Abdomen_1,abdominal,23.857142857142858,2032,uV,1000.0,128,False
2189,2031,158,1,0.999507874015748,0.9278209227957972,0.07824803149606299,8.766125061546036,132,1,25,157,0.8407643312101911,ecgca649.edf,Abdomen_2,abdominal,23.857142857142858,2032,uV,1000.0,128,False
2165,2032,133,0,1.0,0.938568129330254,0.0654527559055118,7.739665354330708,128,1,4,132,0.9696969696969697,ecgca649.edf,Abdomen_3,abdominal,23.857142857142858,2032,uV,1000.0,128,False
953,879,74,0,1.0,0.9223504721930745,0.08418657565415244,15.189988623435722,73,1,0,73,1.0,ecgca659.edf,Thorax_1,thoracic,35.857142857142854,879,mV,1000.0,73,False
953,879,74,0,1.0,0.9223504721930745,0.08418657565415244,4.981797497155859,73,1,0,73,1.0,ecgca659.edf,Thorax_2,thoracic,35.857142857142854,879,mV,1000.0,73,False
954,879,75,0,1.0,0.9213836477987422,0.08532423208191127,10.838452787258248,73,1,1,74,0.9864864864864865,ecgca659.edf,Abdomen_1,abdominal,35.857142857142854,879,uV,1000.0,73,False
954,879,75,0,1.0,0.9213836477987422,0.08532423208191127,11.091012514220706,73,1,1,74,0.9864864864864865,ecgca659.edf,Abdomen_2,abdominal,35.857142857142854,879,uV,1000.0,73,False
956,879,77,0,1.0,0.9194560669456067,0.0875995449374289,9.111490329920365,73,1,3,76,0.9605263157894737,ecgca659.edf,Abdomen_3,abdominal,35.857142857142854,879,uV,1000.0,73,False
953,879,74,0,1.0,0.9223504721930745,0.08418657565415244,8.965870307167236,73,1,0,73,1.0,ecgca659.edf,Abdomen_4,abdominal,35.857142857142854,879,uV,1000.0,73,False
606,571,35,0,1.0,0.9422442244224423,0.06129597197898424,4.329246935201401,34,1,0,34,1.0,ecgca699.edf,Thorax_1,thoracic,32.42857142857143,571,mV,1000.0,34,False
1211,571,640,0,1.0,0.4715111478117259,1.1208406304728546,12.057793345008756,102,2,536,638,0.15987460815047022,ecgca699.edf,Thorax_2,thoracic,32.42857142857143,571,mV,1000.0,34,False
607,571,36,0,1.0,0.9406919275123559,0.06304728546409807,7.457092819614711,34,1,1,35,0.9714285714285714,ecgca699.edf,Abdomen_1,abdominal,32.42857142857143,571,uV,1000.0,34,False
607,571,36,0,1.0,0.9406919275123559,0.06304728546409807,7.206654991243433,34,1,1,35,0.9714285714285714,ecgca699.edf,Abdomen_2,abdominal,32.42857142857143,571,uV,1000.0,34,False
606,571,35,0,1.0,0.9422442244224423,0.06129597197898424,9.24168126094571,34,1,0,34,1.0,ecgca699.edf,Abdomen_3,abdominal,32.42857142857143,571,uV,1000.0,34,False
606,571,35,0,1.0,0.9422442244224423,0.06129597197898424,8.646234676007005,34,1,0,34,1.0,ecgca699.edf,Abdomen_4,abdominal,32.42857142857143,571,uV,1000.0,34,False
1309,1199,110,0,1.0,0.9159663865546218,0.09174311926605505,9.201000834028356,110,0,0,110,1.0,ecgca711.edf,Thorax_1,thoracic,37.142857142857146,1199,mV,1000.0,110,False
1309,1199,110,0,1.0,0.9159663865546218,0.09174311926605505,6.575479566305255,110,0,0,110,1.0,ecgca711.edf,Thorax_2,thoracic,37.142857142857146,1199,mV,1000.0,110,False
1310,1199,111,0,1.0,0.9152671755725191,0.09257714762301918,10.100917431192661,110,0,1,111,0.990990990990991,ecgca711.edf,Abdomen_1,abdominal,37.142857142857146,1199,uV,1000.0,110,False
1318,1199,119,0,1.0,0.909711684370258,0.09924937447873228,10.700583819849875,111,0,8,119,0.9327731092436975,ecgca711.edf,Abdomen_2,abdominal,37.142857142857146,1199,uV,1000.0,110,False
1312,1199,113,0,1.0,0.9138719512195121,0.09424520433694746,7.693077564637198,112,0,1,113,0.9911504424778761,ecgca711.edf,Abdomen_3,abdominal,37.142857142857146,1199,uV,1000.0,110,False
1311,1199,112,0,1.0,0.9145690312738368,0.09341117597998332,8.219349457881568,110,0,2,112,0.9821428571428571,ecgca711.edf,Abdomen_4,abdominal,37.142857142857146,1199,uV,1000.0,110,False
1761,1620,141,0,1.0,0.919931856899489,0.08703703703703704,10.182098765432098,140,1,0,140,1.0,ecgca733.edf,Thorax_1,thoracic,38.0,1620,mV,1000.0,140,False
1761,1620,141,0,1.0,0.919931856899489,0.08703703703703704,2.0709876543209877,140,1,0,140,1.0,ecgca733.edf,Thorax_2,thoracic,38.0,1620,mV,1000.0,140,False
1761,1620,141,0,1.0,0.919931856899489,0.08703703703703704,9.368518518518519,140,1,0,140,1.0,ecgca733.edf,Abdomen_1,abdominal,38.0,1620,uV,1000.0,140,False
1766,1620,146,0,1.0,0.9173272933182333,0.09012345679012346,9.284567901234569,140,1,5,145,0.9655172413793104,ecgca733.edf,Abdomen_2,abdominal,38.0,1620,uV,1000.0,140,False
1761,1620,141,0,1.0,0.919931856899489,0.08703703703703704,8.945679012345678,140,1,0,140,1.0,ecgca733.edf,Abdomen_3,abdominal,38.0,1620,uV,1000.0,140,False
1767,1620,147,0,1.0,0.9168081494057725,0.09074074074074075,7.783950617283951,141,1,5,146,0.9657534246575342,ecgca733.edf,Abdomen_4,abdominal,38.0,1620,uV,1000.0,140,False
1238,1135,103,0,1.0,0.9168012924071083,0.0907488986784141,6.0123348017621145,103,0,0,103,1.0,ecgca746.edf,Thorax_1,thoracic,39.857142857142854,1135,mV,1000.0,103,False
1238,1135,103,0,1.0,0.9168012924071083,0.0907488986784141,5.986784140969163,103,0,0,103,1.0,ecgca746.edf,Thorax_2,thoracic,39.857142857142854,1135,mV,1000.0,103,False
1238,1135,103,0,1.0,0.9168012924071083,0.0907488986784141,6.340088105726872,103,0,0,103,1.0,ecgca746.edf,Abdomen_1,abdominal,39.857142857142854,1135,uV,1000.0,103,False
1242,1135,107,0,1.0,0.9138486312399355,0.09427312775330396,5.852863436123348,103,0,4,107,0.9626168224299065,ecgca746.edf,Abdomen_2,abdominal,39.857142857142854,1135,uV,1000.0,103,False
1241,1135,106,0,1.0,0.9145850120870266,0.0933920704845815,5.92511013215859,103,0,3,106,0.9716981132075472,ecgca746.edf,Abdomen_3,abdominal,39.857142857142854,1135,uV,1000.0,103,False
1242,1134,108,1,0.9991189427312775,0.9130434782608695,0.0960352422907489,5.01058201058201,105,0,3,108,0.9722222222222222,ecgca746.edf,Abdomen_4,abdominal,39.857142857142854,1135,uV,1000.0,103,False
477,451,26,0,1.0,0.9454926624737946,0.057649667405764965,27.09090909090909,25,1,0,25,1.0,ecgca748.edf,Thorax_1,thoracic,22.142857142857142,451,mV,1000.0,25,False
477,451,26,0,1.0,0.9454926624737946,0.057649667405764965,24.13082039911308,25,1,0,25,1.0,ecgca748.edf,Thorax_2,thoracic,22.142857142857142,451,mV,1000.0,25,False
477,451,26,0,1.0,0.9454926624737946,0.057649667405764965,7.341463414634147,25,1,0,25,1.0,ecgca748.edf,Abdomen_1,abdominal,22.142857142857142,451,uV,1000.0,25,False
478,451,27,0,1.0,0.9435146443514645,0.0598669623059867,7.532150776053215,25,1,1,26,0.9615384615384616,ecgca748.edf,Abdomen_2,abdominal,22.142857142857142,451,uV,1000.0,25,False
477,451,26,0,1.0,0.9454926624737946,0.057649667405764965,8.004434589800443,25,1,0,25,1.0,ecgca748.edf,Abdomen_3,abdominal,22.142857142857142,451,uV,1000.0,25,False
4053,3739,314,0,1.0,0.922526523562793,0.08397967370954801,14.62877774806098,313,0,1,314,0.9968152866242038,ecgca771.edf,Thorax_1,thoracic,39.857142857142854,3739,mV,1000.0,313,False
4055,3739,316,0,1.0,0.9220715166461159,0.0845145760898636,27.326290451992513,313,0,3,316,0.990506329113924,ecgca771.edf,Thorax_2,thoracic,39.857142857142854,3739,mV,1000.0,313,False
4061,3739,322,0,1.0,0.9207091849298202,0.08611928323081038,11.746991174110725,313,0,9,322,0.9720496894409938,ecgca771.edf,Abdomen_1,abdominal,39.857142857142854,3739,uV,1000.0,313,False
5455,3620,1835,119,0.9681733083712223,0.6636113657195234,0.5225996255683337,18.816850828729283,543,0,1292,1835,0.2959128065395095,ecgca771.edf,Abdomen_2,abdominal,39.857142857142854,3739,uV,1000.0,313,False
5013,3696,1317,43,0.9884995988232148,0.7372830640335128,0.36373361861460285,15.884740259740262,488,0,829,1317,0.3705391040242976,ecgca771.edf,Abdomen_3,abdominal,39.857142857142854,3739,uV,1000.0,313,False
4640,3668,972,71,0.9810109654987965,0.7905172413793103,0.2789515913345814,16.757906215921484,415,0,557,972,0.4269547325102881,ecgca771.edf,Abdomen_4,abdominal,39.857142857142854,3739,uV,1000.0,313,False
839,776,63,0,1.0,0.9249106078665077,0.08118556701030928,7.774484536082475,63,0,0,63,1.0,ecgca776.edf,Thorax_1,thoracic,33.57142857142857,776,mV,1000.0,63,False
839,776,63,0,1.0,0.9249106078665077,0.08118556701030928,7.217783505154639,63,0,0,63,1.0,ecgca776.edf,Thorax_2,thoracic,33.57142857142857,776,mV,1000.0,63,False
839,776,63,0,1.0,0.9249106078665077,0.08118556701030928,8.21520618556701,63,0,0,63,1.0,ecgca776.edf,Abdomen_1,abdominal,33.57142857142857,776,uV,1000.0,63,False
843,776,67,0,1.0,0.9205219454329775,0.08634020618556701,8.431701030927835,63,0,4,67,0.9402985074626866,ecgca776.edf,Abdomen_2,abdominal,33.57142857142857,776,uV,1000.0,63,False
840,776,64,0,1.0,0.9238095238095239,0.08247422680412371,9.291237113402062,63,0,1,64,0.984375,ecgca776.edf,Abdomen_3,abdominal,33.57142857142857,776,uV,1000.0,63,False
875,776,99,0,1.0,0.8868571428571429,0.12757731958762886,9.746134020618557,69,0,30,99,0.696969696969697,ecgca776.edf,Abdomen_4,abdominal,33.57142857142857,776,uV,1000.0,63,False
484,451,33,0,1.0,0.9318181818181818,0.07317073170731707,11.623059866962306,33,0,0,33,1.0,ecgca811.edf,Thorax_1,thoracic,22.142857142857142,451,mV,1000.0,33,False
485,451,34,0,1.0,0.9298969072164949,0.07538802660753881,25.554323725055433,33,0,1,34,0.9705882352941176,ecgca811.edf,Thorax_2,thoracic,22.142857142857142,451,mV,1000.0,33,False
484,450,34,1,0.9977827050997783,0.9297520661157025,0.07760532150776053,6.6,33,0,1,34,0.9705882352941176,ecgca811.edf,Abdomen_1,abdominal,22.142857142857142,451,uV,1000.0,33,False
484,451,33,0,1.0,0.9318181818181818,0.07317073170731707,6.773835920177383,33,0,0,33,1.0,ecgca811.edf,Abdomen_2,abdominal,22.142857142857142,451,uV,1000.0,33,False
530,451,79,0,1.0,0.8509433962264151,0.17516629711751663,8.017738359201774,37,1,41,78,0.47435897435897434,ecgca811.edf,Abdomen_3,abdominal,22.142857142857142,451,uV,1000.0,33,False
1096,1026,70,4,0.996116504854369,0.9361313868613139,0.07184466019417475,7.132553606237817,68,1,1,69,0.9855072463768116,ecgca816.edf,Thorax_1,thoracic,29.285714285714285,1030,mV,1000.0,68,False
1093,1024,69,6,0.9941747572815534,0.9368709972552608,0.07281553398058252,8.455078125,68,1,0,68,1.0,ecgca816.edf,Thorax_2,thoracic,29.285714285714285,1030,mV,1000.0,68,False
1097,1023,74,7,0.9932038834951457,0.9325432999088423,0.07864077669902912,8.173020527859238,71,1,2,73,0.9726027397260274,ecgca816.edf,Abdomen_1,abdominal,29.285714285714285,1030,uV,1000.0,68,False
237,225,12,805,0.21844660194174756,0.9493670886075949,0.7932038834951456,8.16,12,0,0,12,1.0,ecgca816.edf,Abdomen_2,abdominal,29.285714285714285,1030,uV,1000.0,68,False
1096,1024,72,6,0.9941747572815534,0.9343065693430657,0.07572815533980583,9.1728515625,71,1,0,71,1.0,ecgca816.edf,Abdomen_3,abdominal,29.285714285714285,1030,uV,1000.0,68,False
239,225,14,805,0.21844660194174756,0.9414225941422594,0.7951456310679612,8.95111111111111,12,0,2,14,0.8571428571428571,ecgca816.edf,Abdomen_4,abdominal,29.285714285714285,1030,uV,1000.0,68,False
414,389,25,0,1.0,0.9396135265700483,0.06426735218508997,9.097686375321336,25,0,0,25,1.0,ecgca826.edf,Thorax_1,thoracic,24.285714285714285,389,mV,1000.0,25,False
414,389,25,0,1.0,0.9396135265700483,0.06426735218508997,7.32904884318766,25,0,0,25,1.0,ecgca826.edf,Thorax_2,thoracic,24.285714285714285,389,mV,1000.0,25,False
415,389,26,0,1.0,0.9373493975903614,0.06683804627249357,10.966580976863753,25,1,0,25,1.0,ecgca826.edf,Abdomen_1,abdominal,24.285714285714285,389,uV,1000.0,25,False
415,389,26,0,1.0,0.9373493975903614,0.06683804627249357,11.570694087403599,25,1,0,25,1.0,ecgca826.edf,Abdomen_2,abdominal,24.285714285714285,389,uV,1000.0,25,False
416,389,27,0,1.0,0.9350961538461539,0.06940874035989718,10.632390745501285,25,1,1,26,0.9615384615384616,ecgca826.edf,Abdomen_3,abdominal,24.285714285714285,389,uV,1000.0,25,False
491,451,40,0,1.0,0.9185336048879837,0.08869179600886919,5.92239467849224,39,1,0,39,1.0,ecgca840.edf,Thorax_1,thoracic,39.0,451,mV,1000.0,39,False
491,451,40,0,1.0,0.9185336048879837,0.08869179600886919,28.121951219512194,39,1,0,39,1.0,ecgca840.edf,Thorax_2,thoracic,39.0,451,mV,1000.0,39,False
491,451,40,0,1.0,0.9185336048879837,0.08869179600886919,9.401330376940132,39,1,0,39,1.0,ecgca840.edf,Abdomen_1,abdominal,39.0,451,uV,1000.0,39,False
491,451,40,0,1.0,0.9185336048879837,0.08869179600886919,9.86031042128603,39,1,0,39,1.0,ecgca840.edf,Abdomen_2,abdominal,39.0,451,uV,1000.0,39,False
492,451,41,0,1.0,0.9166666666666666,0.09090909090909091,9.800443458980045,39,1,1,40,0.975,ecgca840.edf,Abdomen_3,abdominal,39.0,451,uV,1000.0,39,False
491,451,40,0,1.0,0.9185336048879837,0.08869179600886919,11.297117516629712,39,1,0,39,1.0,ecgca840.edf,Abdomen_4,abdominal,39.0,451,uV,1000.0,39,False
563,522,41,0,1.0,0.9271758436944938,0.07854406130268199,6.680076628352491,39,1,1,40,0.975,ecgca848.edf,Thorax_1,thoracic,23.857142857142858,522,mV,1000.0,39,False
562,522,40,0,1.0,0.9288256227758007,0.07662835249042145,7.645593869731801,39,1,0,39,1.0,ecgca848.edf,Thorax_2,thoracic,23.857142857142858,522,mV,1000.0,39,False
289,271,18,251,0.5191570881226054,0.9377162629757786,0.5153256704980843,9.361623616236162,15,1,2,17,0.8823529411764706,ecgca848.edf,Abdomen_1,abdominal,23.857142857142858,522,uV,1000.0,39,False
290,271,19,251,0.5191570881226054,0.9344827586206896,0.5172413793103449,9.350553505535055,15,1,3,18,0.8333333333333334,ecgca848.edf,Abdomen_2,abdominal,23.857142857142858,522,uV,1000.0,39,False
36,23,13,499,0.044061302681992334,0.6388888888888888,0.9808429118773946,17.82608695652174,2,1,10,12,0.16666666666666666,ecgca848.edf,Abdomen_3,abdominal,23.857142857142858,522,uV,1000.0,39,False
16,10,6,512,0.019157088122605363,0.625,0.9923371647509579,14.5,0,1,5,5,0.0,ecgca848.edf,Abdomen_4,abdominal,23.857142857142858,522,uV,1000.0,39,False
1033,963,70,4,0.9958634953464323,0.9322362052274927,0.07652533609100311,6.006230529595015,70,0,0,70,1.0,ecgca864.edf,Thorax_1,thoracic,30.714285714285715,967,mV,1000.0,70,False
1035,965,70,2,0.9979317476732161,0.9323671497584541,0.07445708376421924,5.470466321243523,70,0,0,70,1.0,ecgca864.edf,Thorax_2,thoracic,30.714285714285715,967,mV,1000.0,70,False
1041,959,82,8,0.9917269906928645,0.9212295869356388,0.09307135470527404,8.416058394160585,74,0,8,82,0.9024390243902439,ecgca864.edf,Abdomen_1,abdominal,30.714285714285715,967,uV,1000.0,70,False
457,427,30,540,0.4415718717683557,0.9343544857768052,0.5894519131334023,8.508196721311476,27,0,3,30,0.9,ecgca864.edf,Abdomen_2,abdominal,30.714285714285715,967,uV,1000.0,70,False
1038,962,76,5,0.9948293691830403,0.9267822736030829,0.08376421923474664,9.807692307692308,72,0,4,76,0.9473684210526315,ecgca864.edf,Abdomen_3,abdominal,30.714285714285715,967,uV,1000.0,70,False
459,429,30,538,0.4436401240951396,0.934640522875817,0.5873836608066184,10.102564102564102,26,0,4,30,0.8666666666666667,ecgca864.edf,Abdomen_4,abdominal,30.714285714285715,967,uV,1000.0,70,False
395,372,23,0,1.0,0.9417721518987342,0.06182795698924731,5.341397849462366,22,1,0,22,1.0,ecgca868.edf,Thorax_1,thoracic,32.42857142857143,372,mV,1000.0,22,False
395,372,23,0,1.0,0.9417721518987342,0.06182795698924731,11.397849462365592,22,1,0,22,1.0,ecgca868.edf,Thorax_2,thoracic,32.42857142857143,372,mV,1000.0,22,False
394,372,22,0,1.0,0.9441624365482234,0.05913978494623656,7.717741935483871,22,0,0,22,1.0,ecgca868.edf,Abdomen_1,abdominal,32.42857142857143,372,uV,1000.0,22,False
396,372,24,0,1.0,0.9393939393939394,0.06451612903225806,7.344086021505376,22,1,1,23,0.9565217391304348,ecgca868.edf,Abdomen_2,abdominal,32.42857142857143,372,uV,1000.0,22,False
396,371,25,1,0.9973118279569892,0.9368686868686869,0.06989247311827956,9.40700808625337,23,0,2,25,0.92,ecgca868.edf,Abdomen_3,abdominal,32.42857142857143,372,uV,1000.0,22,False
374,351,23,21,0.9435483870967742,0.9385026737967914,0.11827956989247312,9.66951566951567,20,0,3,23,0.8695652173913043,ecgca868.edf,Abdomen_4,abdominal,32.42857142857143,372,uV,1000.0,22,False
361,332,29,0,1.0,0.9196675900277008,0.08734939759036145,26.25602409638554,27,1,1,28,0.9642857142857143,ecgca876.edf,Thorax_1,thoracic,22.142857142857142,332,mV,1000.0,26,False
359,331,28,1,0.9969879518072289,0.9220055710306406,0.08734939759036145,22.746223564954683,27,1,0,27,1.0,ecgca876.edf,Thorax_2,thoracic,22.142857142857142,332,mV,1000.0,26,False
361,331,30,1,0.9969879518072289,0.9168975069252078,0.09337349397590361,6.803625377643504,26,2,2,28,0.9285714285714286,ecgca876.edf,Abdomen_1,abdominal,22.142857142857142,332,uV,1000.0,26,False
324,297,27,35,0.8945783132530121,0.9166666666666666,0.18674698795180722,7.511784511784512,22,2,3,25,0.88,ecgca876.edf,Abdomen_2,abdominal,22.142857142857142,332,uV,1000.0,26,False
361,331,30,1,0.9969879518072289,0.9168975069252078,0.09337349397590361,7.876132930513596,26,2,2,28,0.9285714285714286,ecgca876.edf,Abdomen_3,abdominal,22.142857142857142,332,uV,1000.0,26,False
645,592,53,0,1.0,0.9178294573643411,0.08952702702702703,8.66722972972973,52,1,0,52,1.0,ecgca880.edf,Thorax_1,thoracic,25.0,592,mV,1000.0,52,False
645,592,53,0,1.0,0.9178294573643411,0.08952702702702703,3.7263513513513513,52,1,0,52,1.0,ecgca880.edf,Thorax_2,thoracic,25.0,592,mV,1000.0,52,False
647,592,55,0,1.0,0.9149922720247295,0.0929054054054054,10.150337837837839,53,1,1,54,0.9814814814814815,ecgca880.edf,Abdomen_1,abdominal,25.0,592,uV,1000.0,52,False
645,592,53,0,1.0,0.9178294573643411,0.08952702702702703,10.244932432432432,52,1,0,52,1.0,ecgca880.edf,Abdomen_2,abdominal,25.0,592,uV,1000.0,52,False
664,592,72,0,1.0,0.891566265060241,0.12162162162162163,11.287162162162161,54,2,16,70,0.7714285714285715,ecgca880.edf,Abdomen_3,abdominal,25.0,592,uV,1000.0,52,False
646,592,54,0,1.0,0.9164086687306502,0.09121621621621621,10.33614864864865,52,1,1,53,0.9811320754716981,ecgca880.edf,Abdomen_4,abdominal,25.0,592,uV,1000.0,52,False
663,607,56,0,1.0,0.9155354449472096,0.09225700164744646,5.2026359143327845,55,1,0,55,1.0,ecgca886.edf,Thorax_1,thoracic,38.285714285714285,607,mV,1000.0,55,False
663,607,56,0,1.0,0.9155354449472096,0.09225700164744646,2.6359143327841843,55,1,0,55,1.0,ecgca886.edf,Thorax_2,thoracic,38.285714285714285,607,mV,1000.0,55,False
663,607,56,0,1.0,0.9155354449472096,0.09225700164744646,8.621087314662274,55,1,0,55,1.0,ecgca886.edf,Abdomen_1,abdominal,38.285714285714285,607,uV,1000.0,55,False
663,607,56,0,1.0,0.9155354449472096,0.09225700164744646,8.181219110378912,55,1,0,55,1.0,ecgca886.edf,Abdomen_2,abdominal,38.285714285714285,607,uV,1000.0,55,False
663,607,56,0,1.0,0.9155354449472096,0.09225700164744646,6.171334431630972,55,1,0,55,1.0,ecgca886.edf,Abdomen_3,abdominal,38.285714285714285,607,uV,1000.0,55,False
663,607,56,0,1.0,0.9155354449472096,0.09225700164744646,7.663920922570017,55,1,0,55,1.0,ecgca886.edf,Abdomen_4,abdominal,38.285714285714285,607,uV,1000.0,55,False
466,427,39,5,0.9884259259259259,0.9163090128755365,0.10185185185185185,12.37704918032787,37,1,1,38,0.9736842105263158,ecgca896.edf,Thorax_1,thoracic,34.857142857142854,432,mV,1000.0,37,False
463,424,39,8,0.9814814814814815,0.9157667386609071,0.1087962962962963,7.3254716981132075,37,1,1,38,0.9736842105263158,ecgca896.edf,Thorax_2,thoracic,34.857142857142854,432,mV,1000.0,37,False
466,423,43,9,0.9791666666666666,0.907725321888412,0.12037037037037036,10.576832151300236,37,1,5,42,0.8809523809523809,ecgca896.edf,Abdomen_1,abdominal,34.857142857142854,432,uV,1000.0,37,False
217,196,21,236,0.4537037037037037,0.9032258064516129,0.5949074074074074,8.73469387755102,19,0,2,21,0.9047619047619048,ecgca896.edf,Abdomen_2,abdominal,34.857142857142854,432,uV,1000.0,37,False
438,396,42,36,0.9166666666666666,0.9041095890410958,0.18055555555555555,13.191919191919192,35,2,5,40,0.875,ecgca896.edf,Abdomen_3,abdominal,34.857142857142854,432,uV,1000.0,37,False
220,196,24,236,0.4537037037037037,0.8909090909090909,0.6018518518518519,10.627551020408163,19,0,5,24,0.7916666666666666,ecgca896.edf,Abdomen_4,abdominal,34.857142857142854,432,uV,1000.0,37,False
170,158,12,0,1.0,0.9294117647058824,0.0759493670886076,8.234177215189874,11,1,0,11,1.0,ecgca900.edf,Thorax_1,thoracic,22.142857142857142,158,mV,1000.0,11,False
170,158,12,0,1.0,0.9294117647058824,0.0759493670886076,21.772151898734176,11,1,0,11,1.0,ecgca900.edf,Thorax_2,thoracic,22.142857142857142,158,mV,1000.0,11,False
172,158,14,0,1.0,0.9186046511627907,0.08860759493670886,3.974683544303797,11,1,2,13,0.8461538461538461,ecgca900.edf,Abdomen_1,abdominal,22.142857142857142,158,uV,1000.0,11,False
170,158,12,0,1.0,0.9294117647058824,0.0759493670886076,3.7721518987341773,11,1,0,11,1.0,ecgca900.edf,Abdomen_2,abdominal,22.142857142857142,158,uV,1000.0,11,False
172,158,14,0,1.0,0.9186046511627907,0.08860759493670886,6.3164556962025316,11,1,2,13,0.8461538461538461,ecgca900.edf,Abdomen_3,abdominal,22.142857142857142,158,uV,1000.0,11,False
502,474,28,0,1.0,0.9442231075697212,0.05907172995780591,7.339662447257384,28,0,0,28,1.0,ecgca902.edf,Thorax_1,thoracic,23.857142857142858,474,mV,1000.0,28,False
502,474,28,0,1.0,0.9442231075697212,0.05907172995780591,8.128691983122362,28,0,0,28,1.0,ecgca902.edf,Thorax_2,thoracic,23.857142857142858,474,mV,1000.0,28,False
504,472,32,2,0.9957805907172996,0.9365079365079365,0.07172995780590717,10.233050847457626,29,0,3,32,0.90625,ecgca902.edf,Abdomen_1,abdominal,23.857142857142858,474,uV,1000.0,28,False
42,37,5,437,0.07805907172995781,0.8809523809523809,0.9324894514767933,13.972972972972974,1,0,4,5,0.2,ecgca902.edf,Abdomen_2,abdominal,23.857142857142858,474,uV,1000.0,28,False
512,473,39,1,0.9978902953586498,0.923828125,0.08438818565400844,9.323467230443974,30,0,9,39,0.7692307692307693,ecgca902.edf,Abdomen_3,abdominal,23.857142857142858,474,uV,1000.0,28,False
3151,2949,202,0,1.0,0.9358933671850206,0.0684977958630044,10.687690742624618,201,0,1,202,0.995049504950495,ecgca906.edf,Thorax_1,thoracic,40.285714285714285,2949,mV,1000.0,201,False
3152,2949,203,0,1.0,0.9355964467005076,0.0688368938623262,25.452017633095966,201,1,1,202,0.995049504950495,ecgca906.edf,Thorax_2,thoracic,40.285714285714285,2949,mV,1000.0,201,False
3154,2948,206,1,0.9996609020006781,0.9346861128725428,0.07019328585961343,9.057666214382632,201,0,5,206,0.9757281553398058,ecgca906.edf,Abdomen_1,abdominal,40.285714285714285,2949,uV,1000.0,201,False
3025,2828,197,121,0.9589691420820617,0.9348760330578513,0.10783316378433368,8.687411598302688,194,0,3,197,0.9847715736040609,ecgca906.edf,Abdomen_2,abdominal,40.285714285714285,2949,uV,1000.0,201,False
3451,2936,515,13,0.9955917260088165,0.8507678933642423,0.1790437436419125,10.724795640326976,233,0,282,515,0.4524271844660194,ecgca906.edf,Abdomen_3,abdominal,40.285714285714285,2949,uV,1000.0,201,False
3174,2948,226,1,0.9996609020006781,0.9287964713295526,0.0769752458460495,7.401289009497964,206,0,20,226,0.911504424778761,ecgca906.edf,Abdomen_4,abdominal,40.285714285714285,2949,uV,1000.0,201,False
967,902,65,0,1.0,0.9327817993795243,0.07206208425720621,6.84589800443459,64,1,0,64,1.0,ecgca968.edf,Thorax_1,thoracic,33.57142857142857,902,mV,1000.0,64,False
967,902,65,0,1.0,0.9327817993795243,0.07206208425720621,6.394678492239468,64,1,0,64,1.0,ecgca968.edf,Thorax_2,thoracic,33.57142857142857,902,mV,1000.0,64,False
968,902,66,0,1.0,0.9318181818181818,0.07317073170731707,8.88470066518847,64,1,1,65,0.9846153846153847,ecgca968.edf,Abdomen_1,abdominal,33.57142857142857,902,uV,1000.0,64,False
845,687,158,215,0.761640798226164,0.8130177514792899,0.41352549889135254,9.39155749636099,64,1,93,157,0.40764331210191085,ecgca968.edf,Abdomen_2,abdominal,33.57142857142857,902,uV,1000.0,64,False
975,902,73,0,1.0,0.9251282051282051,0.08093126385809313,10.420177383592018,64,1,8,72,0.8888888888888888,ecgca968.edf,Abdomen_3,abdominal,33.57142857142857,902,uV,1000.0,64,False
38,31,7,871,0.03436807095343681,0.8157894736842105,0.9733924611973392,24.258064516129032,2,0,5,7,0.2857142857142857,ecgca968.edf,Abdomen_4,abdominal,33.57142857142857,902,uV,1000.0,64,False
551,518,33,0,1.0,0.9401088929219601,0.0637065637065637,6.588803088803089,32,1,0,32,1.0,ecgca986.edf,Thorax_1,thoracic,23.857142857142858,518,mV,1000.0,32,False
551,518,33,0,1.0,0.9401088929219601,0.0637065637065637,7.140926640926641,32,1,0,32,1.0,ecgca986.edf,Thorax_2,thoracic,23.857142857142858,518,mV,1000.0,32,False
553,518,35,0,1.0,0.9367088607594937,0.06756756756756757,9.884169884169884,32,1,2,34,0.9411764705882353,ecgca986.edf,Abdomen_1,abdominal,23.857142857142858,518,uV,1000.0,32,False
553,518,35,0,1.0,0.9367088607594937,0.06756756756756757,9.735521235521235,32,1,2,34,0.9411764705882353,ecgca986.edf,Abdomen_2,abdominal,23.857142857142858,518,uV,1000.0,32,False
552,516,36,2,0.9961389961389961,0.9347826086956522,0.07335907335907337,9.575581395348838,32,1,3,35,0.9142857142857143,ecgca986.edf,Abdomen_3,abdominal,23.857142857142858,518,uV,1000.0,32,False
266,249,17,3,0.9880952380952381,0.9360902255639098,0.07936507936507936,7.7269076305220885,14,1,2,16,0.875,ecgca997.edf,Thorax_1,thoracic,23.857142857142858,252,mV,1000.0,14,False
263,248,15,4,0.9841269841269841,0.9429657794676806,0.07539682539682539,8.90725806451613,14,1,0,14,1.0,ecgca997.edf,Thorax_2,thoracic,23.857142857142858,252,mV,1000.0,14,False
236,220,16,32,0.873015873015873,0.9322033898305084,0.19047619047619047,8.245454545454546,13,0,3,16,0.8125,ecgca997.edf,Abdomen_1,abdominal,23.857142857142858,252,uV,1000.0,14,False
244,225,19,27,0.8928571428571429,0.9221311475409836,0.18253968253968253,10.715555555555556,13,0,6,19,0.6842105263157895,ecgca997.edf,Abdomen_2,abdominal,23.857142857142858,252,uV,1000.0,14,False
242,224,18,28,0.8888888888888888,0.9256198347107438,0.18253968253968253,10.495535714285714,13,0,5,18,0.7222222222222222,ecgca997.edf,Abdomen_3,abdominal,23.857142857142858,252,uV,1000.0,14,False
244,224,20,28,0.8888888888888888,0.9180327868852459,0.19047619047619047,11.379464285714286,13,0,7,20,0.65,ecgca997.edf,Abdomen_4,abdominal,23.857142857142858,252,uV,1000.0,14,False
404,373,31,33,0.9187192118226601,0.9232673267326733,0.15763546798029557,12.53887399463807,21,1,9,30,0.7,ecgca998.edf,Thorax_1,thoracic,32.42857142857143,406,mV,1000.0,19,True
393,362,31,44,0.8916256157635468,0.9211195928753181,0.18472906403940886,20.56353591160221,23,1,7,30,0.7666666666666667,ecgca998.edf,Thorax_2,thoracic,32.42857142857143,406,mV,1000.0,19,True
198,173,25,233,0.42610837438423643,0.8737373737373737,0.6354679802955665,31.294797687861273,10,0,15,25,0.4,ecgca998.edf,Abdomen_1,abdominal,32.42857142857143,406,uV,1000.0,19,True
187,160,27,246,0.39408866995073893,0.8556149732620321,0.6724137931034483,27.73125,9,0,18,27,0.3333333333333333,ecgca998.edf,Abdomen_2,abdominal,32.42857142857143,406,uV,1000.0,19,True
189,163,26,243,0.4014778325123153,0.8624338624338624,0.6625615763546798,27.49079754601227,9,0,17,26,0.34615384615384615,ecgca998.edf,Abdomen_3,abdominal,32.42857142857143,406,uV,1000.0,19,True
192,169,23,237,0.41625615763546797,0.8802083333333334,0.6403940886699507,29.005917159763314,8,0,15,23,0.34782608695652173,ecgca998.edf,Abdomen_4,abdominal,32.42857142857143,406,uV,1000.0,19,True
