ms,adc
14,1231
18,1328
22,1467
26,1473
30,1366
34,1331
38,1439
42,1604
46,1638
50,1535
54,1513
58,1621
62,1776
66,1791
70,1678
74,1627
78,1717
82,1856
86,1856
90,1731
94,1662
98,1738
102,1876
106,1883
110,1767
114,1707
118,1781
122,1922
126,1933
130,1822
134,1765
138,1846
142,1988
146,1993
150,1877
154,1821
158,1899
162,2037
166,2054
170,1935
174,1872
178,1946
182,2088
186,2095
190,1975
194,1907
198,1977
202,2115
206,2123
210,2003
214,1936
218,2000
222,2145
226,2154
230,2031
234,1967
238,2029
242,2165
246,2171
250,2047
254,1969
258,2031
262,2163
266,2173
270,2066
274,1991
278,2047
282,2176
286,2179
290,2059
294,1975
298,2031
302,2163
306,2174
310,2066
314,1987
318,2035
322,2165
326,2176
330,2075
334,1994
338,2041
342,2167
346,2182
350,2089
354,2007
358,2039
362,2133
366,2115
370,2015
374,1961
378,2017
382,2119
386,2107
390,1986
394,1939
398,2063
402,2215
406,2192
410,2067
414,1974
418,2005
422,2103
426,2090
430,1984
434,1923
438,1964
442,2064
446,2062
450,1969
454,1927
458,1977
462,2095
466,2106
470,2026
474,1971
478,2007
482,2095
486,2096
490,2018
494,1967
498,1987
502,2058
506,2007
510,1840
514,1773
518,1831
522,1960
526,2019
530,1981
534,1947
538,1999
542,2147
546,2211
550,2149
554,2079
558,2064
562,2055
566,1903
570,1681
574,1525
578,1612
582,1743
586,1801
590,1702
594,1663
598,1711
602,1843
606,1840
610,1729
614,1669
618,1719
622,1845
626,1875
630,1776
634,1664
638,1632
642,1669
646,1590
650,1452
654,1422
658,1558
662,1724
666,1719
670,1471
674,1236
678,1264
682,1466
686,1526
690,1590
694,2069
698,2870
702,4095
706,4095
710,4095
714,3421
718,2448
722,1862
726,1520
730,1354
734,1332
738,1490
742,1671
746,1657
750,1555
754,1462
758,1410
762,1495
766,1474
770,1445
774,1479
778,1520
782,1645
786,1635
790,1494
794,1402
798,1490
802,1670
806,1676
810,1535
814,1490
818,1491
822,1535
826,1475
830,1408
834,1361
838,1527
842,1728
846,1706
850,1559
854,1459
858,1532
862,1743
866,1841
870,1818
874,1774
878,1801
882,1915
886,1936
890,1836
894,1772
898,1791
902,1823
906,1786
910,1727
914,1707
918,1755
922,1861
926,1846
930,1758
934,1700
938,1744
942,1858
946,1882
950,1807
954,1725
958,1779
962,1941
966,2005
970,1981
974,1935
978,1968
982,2100
986,2170
990,2130
994,2039
998,2036
1002,2127
1006,2133
1010,2046
1014,1964
1018,1968
1022,2059
1026,2069
1030,1989
1034,1909
1038,1934
1042,2030
1046,2032
1050,1915
1054,1824
1058,1872
1062,2030
1066,2074
1070,1989
1074,1968
1078,2029
1082,2093
1086,2064
1090,1990
1094,1936
1098,1948
1102,2003
1106,1941
1110,1810
1114,1766
1118,1834
1122,1949
1126,1936
1130,1815
1134,1712
1138,1727
1142,1840
1146,1813
1150,1667
1154,1599
1158,1680
1162,1840
1166,1861
1170,1741
1174,1628
1178,1643
1182,1744
1186,1733
1190,1626
1194,1558
1198,1629
1202,1763
1206,1749
1210,1646
1214,1596
1218,1675
1222,1808
1226,1801
1230,1680
1234,1600
1238,1663
1242,1795
1246,1777
1250,1664
1254,1589
1258,1649
1262,1778
1266,1757
1270,1648
1274,1595
1278,1661
1282,1794
1286,1778
1290,1662
1294,1591
1298,1654
1302,1790
1306,1779
1310,1669
1314,1606
1318,1673
1322,1807
1326,1797
1330,1696
1334,1632
1338,1698
1342,1840
1346,1845
1350,1744
1354,1665
1358,1729
1362,1872
1366,1872
1370,1777
1374,1712
1378,1813
1382,1997
1386,2036
1390,1961
1394,1882
1398,1872
1402,1917
1406,1939
1410,1919
1414,1905
1418,1974
1422,2102
1426,2105
1430,2031
1434,1983
1438,1979
1442,2033
1446,1987
1450,1877
1454,1823
1458,1869
1462,1967
1466,1968
1470,1903
1474,1849
1478,1869
1482,1954
1486,1945
1490,1861
1494,1808
1498,1861
1502,1964
1506,1959
1510,1861
1514,1799
1518,1877
1522,2038
1526,2090
1530,2000
1534,1915
1538,1949
1542,2090
1546,2175
1550,2175
1554,2129
1558,2160
1562,2233
1566,2141
1570,1907
1574,1688
1578,1648
1582,1744
1586,1733
1590,1659
1594,1625
1598,1693
1602,1792
1606,1776
1610,1674
1614,1607
1618,1677
1622,1795
1626,1830
1630,1758
1634,1683
1638,1728
1642,1846
1646,1840
1650,1728
1654,1648
1658,1709
1662,1842
1666,1858
1670,1738
1674,1573
1678,1488
1682,1531
1686,1508
1690,1410
1694,1669
1698,2384
1702,3353
1706,4095
1710,4095
1714,4095
1718,3501
1722,2597
1726,1967
1730,1622
1734,1456
1738,1535
1742,1749
1746,1797
1750,1683
1754,1561
1758,1577
1762,1691
1766,1719
1770,1635
1774,1535
1778,1564
1782,1664
1786,1675
1790,1594
1794,1495
1798,1518
1802,1631
1806,1648
1810,1535
1814,1415
1818,1426
1822,1563
1826,1597
1830,1519
1834,1446
1838,1506
1842,1663
1846,1717
1850,1658
1854,1594
1858,1622
1862,1744
1866,1771
1870,1692
1874,1607
1878,1647
1882,1767
1886,1793
1890,1726
1894,1637
1898,1680
1902,1839
1906,1878
1910,1795
1914,1685
1918,1697
1922,1785
1926,1792
1930,1716
1934,1667
1938,1747
1942,1900
1946,1958
1950,1933
1954,1867
1958,1894
1962,2001
1966,2034
1970,1968
1974,1885
1978,1898
1982,2001
1986,2057
1990,1983
1994,1876
1998,1903
2002,1999
2006,2000
2010,1895
2014,1808
2018,1840
2022,1967
2026,1991
2030,1917
2034,1813
2038,1813
2042,1904
2046,1940
2050,1887
2054,1806
2058,1822
2062,1913
2066,1940
2070,1847
2074,1744
2078,1767
2082,1886
2086,1920
2090,1861
2094,1781
2098,1824
2102,1956
2106,1994
2110,1919
2114,1806
2118,1810
2122,1930
2126,1980
2130,1907
2134,1799
2138,1815
2142,1939
2146,2003
2150,1955
2154,1875
2158,1887
2162,1971
2166,2003
2170,1929
2174,1830
2178,1855
2182,1975
2186,2018
2190,1930
2194,1817
2198,1831
2202,1951
2206,2008
2210,1941
2214,1840
2218,1854
2222,1963
2226,2007
2230,1953
2234,1856
2238,1858
2242,1950
2246,1999
2250,1919
2254,1797
2258,1801
2262,1926
2266,1995
2270,1936
2274,1850
2278,1875
2282,1990
2286,2047
2290,2001
2294,1911
2298,1922
2302,2010
2306,2055
2310,1994
2314,1923
2318,1949
2322,2059
2326,2103
2330,2043
2334,1957
2338,1959
2342,2037
2346,2091
2350,2032
2354,1933
2358,1936
2362,2030
2366,2076
2370,2017
2374,1927
2378,1931
2382,2014
2386,2062
2390,2011
2394,1925
2398,1933
2402,2019
2406,2066
2410,2004
2414,1916
2418,1914
2422,1991
2426,2039
2430,2000
2434,1913
2438,1925
2442,2031
2446,2117
2450,2101
2454,2035
2458,2046
2462,2138
2466,2194
2470,2199
2474,2181
2478,2223
2482,2308
2486,2331
2490,2254
2494,2119
2498,2039
2502,2047
2506,2046
2510,1969
2514,1855
2518,1838
2522,1904
2526,1936
2530,1882
2534,1781
2538,1771
2542,1846
2546,1897
2550,1849
2554,1756
2558,1758
2562,1845
2566,1899
2570,1851
2574,1757
2578,1744
2582,1819
2586,1866
2590,1818
2594,1717
2598,1687
2602,1690
2606,1648
2610,1523
2614,1379
2618,1357
2622,1742
2626,2453
2630,3274
2634,4095
2638,4095
2642,4095
2646,3525
2650,2535
2654,1815
2658,1578
2662,1612
2666,1687
2670,1712
2674,1666
2678,1665
2682,1730
2686,1755
2690,1693
2694,1599
2698,1596
2702,1661
2706,1726
2710,1680
2714,1590
2718,1588
2722,1664
2726,1731
2730,1687
2734,1599
2738,1588
2742,1679
2746,1738
2750,1697
2754,1607
2758,1605
2762,1687
2766,1751
2770,1712
2774,1622
2778,1621
2782,1709
2786,1773
2790,1729
2794,1642
2798,1635
2802,1712
2806,1771
2810,1728
2814,1633
2818,1621
2822,1701
2826,1759
2830,1712
2834,1615
2838,1607
2842,1690
2846,1753
2850,1712
2854,1616
2858,1611
2862,1703
2866,1774
2870,1729
2874,1638
2878,1630
2882,1716
2886,1808
2890,1798
2894,1722
2898,1731
2902,1821
2906,1919
2910,1904
2914,1811
2918,1797
2922,1884
2926,1953
2930,1908
2934,1806
2938,1786
2942,1856
2946,1910
2950,1863
2954,1758
2958,1744
2962,1811
2966,1873
2970,1830
2974,1737
2978,1720
2982,1801
2986,1874
2990,1839
2994,1732
2998,1716
3002,1798
3006,1865
3010,1833
3014,1741
3018,1724
3022,1805
3026,1873
3030,1839
3034,1744
3038,1734
3042,1808
3046,1881
3050,1841
3054,1744
3058,1731
3062,1808
3066,1873
3070,1836
3074,1744
3078,1733
3082,1810
3086,1879
3090,1841
3094,1744
3098,1729
3102,1812
3106,1889
3110,1845
3114,1744
3118,1728
3122,1808
3126,1877
3130,1845
3134,1755
3138,1741
3142,1808
3146,1879
3150,1852
3154,1754
3158,1733
3162,1802
3166,1872
3170,1840
3174,1743
3178,1726
3182,1801
3186,1872
3190,1838
3194,1747
3198,1728
3202,1802
3206,1872
3210,1824
3214,1715
3218,1694
3222,1774
3226,1850
3230,1824
3234,1729
3238,1719
3242,1789
3246,1851
3250,1808
3254,1714
3258,1697
3262,1767
3266,1844
3270,1806
3274,1707
3278,1689
3282,1772
3286,1849
3290,1820
3294,1725
3298,1711
3302,1777
3306,1847
3310,1812
3314,1727
3318,1715
3322,1798
3326,1872
3330,1840
3334,1744
3338,1724
3342,1797
3346,1871
3350,1837
3354,1731
3358,1707
3362,1783
3366,1867
3370,1840
3374,1744
3378,1719
3382,1783
3386,1857
3390,1840
3394,1748
3398,1722
3402,1790
3406,1871
3410,1839
3414,1753
3418,1739
3422,1809
3426,1890
3430,1857
3434,1763
3438,1728
3442,1791
3446,1873
3450,1834
3454,1731
3458,1712
3462,1782
3466,1868
3470,1843
3474,1751
3478,1727
3482,1797
3486,1882
3490,1866
3494,1791
3498,1808
3502,1929
3506,2046
3510,2021
3514,1904
3518,1886
3522,2021
3526,2176
3530,2176
3534,2101
3538,2045
3542,2064
3546,2081
3550,1987
3554,1840
3558,1770
3562,1812
3566,1874
3570,1830
3574,1712
3578,1680
3582,1741
3586,1823
3590,1790
3594,1683
3598,1644
3602,1709
3606,1794
3610,1762
3614,1662
3618,1622
3622,1696
3626,1783
3630,1765
3634,1669
3638,1643
3642,1694
3646,1742
3650,1619
3654,1402
3658,1302
3662,1339
3666,1420
3670,1776
3674,2387
3678,3149
3682,4095
3686,4095
3690,4095
3694,3358
3698,2353
3702,1777
3706,1613
3710,1521
3714,1520
3718,1600
3722,1693
3726,1746
3730,1684
3734,1559
3738,1498
3742,1535
3746,1647
3750,1633
3754,1535
3758,1471
3762,1559
3766,1649
3770,1616
3774,1527
3778,1506
3782,1573
3786,1638
3790,1615
3794,1535
3798,1535
3802,1617
3806,1712
3810,1694
3814,1602
3818,1573
3822,1633
3826,1725
3830,1708
3834,1616
3838,1582
3842,1635
3846,1729
3850,1710
3854,1616
3858,1577
3862,1635
3866,1701
3870,1647
3874,1471
3878,1397
3882,1457
3886,1564
3890,1535
3894,1456
3898,1423
3902,1466
3906,1522
3910,1427
3914,1259
3918,1220
3922,1339
3926,1659
3930,1673
3934,1463
3938,1315
3942,1414
3946,1610
3950,1630
3954,1488
3958,1450
3962,1590
3966,1758
3970,1791
3974,1730
3978,1679
3982,1744
3986,1851
3990,1778
3994,1639
3998,1600
4002,1695
4006,1809
4010,1773
4014,1669
4018,1679
4022,1793
4026,1961
4030,1937
4034,1818
4038,1803
4042,1848
4046,1961
4050,1930
4054,1794
4058,1744
4062,1931
4066,2179
4070,2148
4074,1955
4078,1907
4082,2001
4086,2126
4090,2115
4094,1990
4098,1905
4102,1933
4106,2018
4110,2014
4114,1936
4118,1883
4122,1936
4126,2031
4130,2022
4134,1936
4138,1893
4142,1946
4146,2047
4150,2025
4154,1883
4158,1874
4162,1994
4166,2155
4170,2219
4174,2215
4178,2185
4182,2210
4186,2279
4190,2274
4194,2207
4198,2155
4202,2176
4206,2256
4210,2267
4214,2208
4218,2160
4222,2177
4226,2243
4230,2237
4234,2096
4238,1904
4242,1872
4246,2000
4250,2032
4254,1967
4258,1875
4262,1906
4266,1915
4270,1819
4274,1669
4278,1587
4282,1595
4286,1681
4290,1663
4294,1553
4298,1494
4302,1590
4306,1750
4310,1825
4314,1707
4318,1616
4322,1648
4326,1749
4330,1733
4334,1616
4338,1555
4342,1627
4346,1750
4350,1755
4354,1697
4358,1712
4362,1773
4366,1852
4370,1817
4374,1793
4378,1875
4382,2001
4386,2081
4390,2017
4394,1885
4398,1763
4402,1803
4406,1911
4410,1966
4414,1956
4418,1941
4422,2027
4426,2153
4430,2170
4434,2113
4438,2062
4442,2065
4446,2075
4450,1923
4454,1755
4458,1799
4462,1961
4466,2105
4470,2080
4474,1842
4478,1741
4482,1810
4486,1961
4490,1982
4494,1881
4498,1742
4502,1706
4506,1775
4510,1795
4514,1744
4518,1702
4522,1752
4526,1867
4530,1875
4534,1781
4538,1737
4542,1825
4546,1962
4550,1979
4554,1881
4558,1839
4562,1894
4566,1962
4570,1893
4574,1777
4578,1793
4582,1995
4586,2234
4590,2252
4594,2117
4598,1994
4602,2011
4606,2096
4610,2038
4614,1863
4618,1723
4622,1707
4626,1792
4630,1797
4634,1660
4638,1527
4642,1535
4646,1653
4650,1655
4654,1573
4658,1510
4662,1557
4666,1662
4670,1661
4674,1584
4678,1565
4682,1650
4686,1762
4690,1725
4694,1646
4698,1600
4702,1621
4706,1744
4710,1783
4714,1690
4718,1527
4722,1381
4726,1328
4730,1494
4734,2014
4738,2698
4742,3732
4746,4095
4750,4095
4754,3271
4758,2342
4762,1765
4766,1645
4770,1576
4774,1453
4778,1413
4782,1517
4786,1661
4790,1638
4794,1505
4798,1423
4802,1471
4806,1604
4810,1616
4814,1511
4818,1433
4822,1494
4826,1638
4830,1642
4834,1525
4838,1456
4842,1517
4846,1650
4850,1650
4854,1555
4858,1492
4862,1563
4866,1680
4870,1678
4874,1579
4878,1504
4882,1569
4886,1701
4890,1715
4894,1616
4898,1526
4902,1575
4906,1695
4910,1713
4914,1634
4918,1555
4922,1605
4926,1727
4930,1730
4934,1633
4938,1568
4942,1616
4946,1730
4950,1733
4954,1637
4958,1584
4962,1635
4966,1761
4970,1767
4974,1690
4978,1625
4982,1680
4986,1810
4990,1830
4994,1757
4998,1713
5002,1776
5006,1902
5010,1933
5014,1861
5018,1792
5022,1856
5026,1985
5030,1989
5034,1900
5038,1815
5042,1849
5046,1955
5050,1964
5054,1875
5058,1801
5062,1825
5066,1927
5070,1926
5074,1834
5078,1738
5082,1776
5086,1895
5090,1910
5094,1808
5098,1729
5102,1788
5106,1904
5110,1913
5114,1823
5118,1744
5122,1791
5126,1913
5130,1918
5134,1827
5138,1749
5142,1790
5146,1904
5150,1918
5154,1840
5158,1754
5162,1803
5166,1923
5170,1935
5174,1846
5178,1761
5182,1808
5186,1922
5190,1936
5194,1847
5198,1776
5202,1825
5206,1935
5210,1937
5214,1848
5218,1773
5222,1824
5226,1943
5230,1945
5234,1854
5238,1776
5242,1824
5246,1951
5250,1963
5254,1867
5258,1788
5262,1809
5266,1925
5270,1941
5274,1863
5278,1781
5282,1818
5286,1937
5290,1957
5294,1869
5298,1787
5302,1826
5306,1936
5310,1940
5314,1851
5318,1744
5322,1776
5326,1891
5330,1904
5334,1803
5338,1712
5342,1758
5346,1886
5350,1902
5354,1808
5358,1714
5362,1762
5366,1888
5370,1911
5374,1823
5378,1730
5382,1769
5386,1894
5390,1926
5394,1844
5398,1749
5402,1776
5406,1892
5410,1918
5414,1829
5418,1735
5422,1775
5426,1898
5430,1922
5434,1837
5438,1744
5442,1776
5446,1895
5450,1927
5454,1875
5458,1858
5462,1990
5466,2218
5470,2328
5474,2297
5478,2215
5482,2237
5486,2362
5490,2457
5494,2452
5498,2385
5502,2375
5506,2426
5510,2416
5514,2307
5518,2171
5522,2131
5526,2192
5530,2192
5534,2112
5538,2012
5542,2011
5546,2097
5550,2128
5554,2063
5558,1967
5562,1968
5566,2055
5570,2083
5574,2023
5578,1938
5582,1946
5586,2029
5590,2065
5594,2003
5598,1919
5602,1929
5606,2013
5610,2034
5614,1920
5618,1729
5622,1643
5626,1669
5630,1677
5634,1674
5638,2059
5642,2814
5646,4094
5650,4095
5654,4095
5658,4095
5662,3504
5666,2559
5670,1989
5674,1723
5678,1615
5682,1696
5686,1872
5690,1939
5694,1866
5698,1745
5702,1730
5706,1799
5710,1840
5714,1782
5718,1698
5722,1711
5726,1795
5730,1835
5734,1782
5738,1698
5742,1709
5746,1795
5750,1835
5754,1785
5758,1699
5762,1707
5766,1785
5770,1835
5774,1787
5778,1704
5782,1713
5786,1800
5790,1844
5794,1792
5798,1706
5802,1714
5806,1805
5810,1847
5814,1791
5818,1695
5822,1696
5826,1771
5830,1826
5834,1770
5838,1679
5842,1692
5846,1782
5850,1822
5854,1763
5858,1671
5862,1683
5866,1770
5870,1811
5874,1770
5878,1680
5882,1665
5886,1738
5890,1856
5894,1882
5898,1837
5902,1844
5906,1874
5910,1857
5914,1777
5918,1704
5922,1755
5926,1882
5930,1930
5934,1870
5938,1769
5942,1777
5946,1873
5950,1914
5954,1839
5958,1729
5962,1722
5966,1841
5970,1895
5974,1853
5978,1771
5982,1781
5986,1865
5990,1895
5994,1829
5998,1728
6002,1739
6006,1831
6010,1889
6014,1845
6018,1753
6022,1757
6026,1840
6030,1894
6034,1849
6038,1763
6042,1775
6046,1856
6050,1891
6054,1837
6058,1744
6062,1749
6066,1845
6070,1891
6074,1836
6078,1745
6082,1746
6086,1834
6090,1881
6094,1835
6098,1742
6102,1744
6106,1840
6110,1900
6114,1853
6118,1765
6122,1763
6126,1845
6130,1899
6134,1845
6138,1744
6142,1744
6146,1831
6150,1887
6154,1838
6158,1735
6162,1734
6166,1836
6170,1901
6174,1853
6178,1751
6182,1750
6186,1838
6190,1886
6194,1839
6198,1746
6202,1745
6206,1840
6210,1894
6214,1846
6218,1746
6222,1747
6226,1839
6230,1887
6234,1835
6238,1756
6242,1763
6246,1847
6250,1905
6254,1863
6258,1769
6262,1755
6266,1829
6270,1890
6274,1851
6278,1756
6282,1746
6286,1833
6290,1884
6294,1840
6298,1754
6302,1751
6306,1833
6310,1883
6314,1829
6318,1730
6322,1737
6326,1831
6330,1904
6334,1873
6338,1786
6342,1765
6346,1838
6350,1889
6354,1823
6358,1712
6362,1697
6366,1777
6370,1838
6374,1781
6378,1681
6382,1680
6386,1759
6390,1798
6394,1730
6398,1638
6402,1651
6406,1766
6410,1857
6414,1841
6418,1759
6422,1766
6426,1851
6430,1914
6434,1920
6438,1901
6442,1954
6446,2059
6450,2085
6454,1973
6458,1808
6462,1765
6466,1806
6470,1812
6474,1723
6478,1600
6482,1584
6486,1672
6490,1716
6494,1632
6498,1510
6502,1506
6506,1605
6510,1674
6514,1626
6518,1511
6522,1507
6526,1605
6530,1667
6534,1616
6538,1521
6542,1531
6546,1639
6550,1713
6554,1662
6558,1520
6562,1439
6566,1431
6570,1421
6574,1321
6578,1213
6582,1595
6586,2401
6590,3307
6594,4095
6598,4095
6602,4095
6606,3369
6610,2433
6614,1744
6618,1391
6622,1341
6626,1534
6630,1719
6634,1689
6638,1535
6642,1509
6646,1593
6650,1659
6654,1613
6658,1504
6662,1501
6666,1598
6670,1689
6674,1654
6678,1558
6682,1554
6686,1648
6690,1727
6694,1695
6698,1601
6702,1596
6706,1692
6710,1776
6714,1738
6718,1637
6722,1621
6726,1712
6730,1786
6734,1744
6738,1647
6742,1646
6746,1734
6750,1808
6754,1770
6758,1678
6762,1671
6766,1749
6770,1813
6774,1773
6778,1669
6782,1648
6786,1722
6790,1797
6794,1773
6798,1699
6802,1719
6806,1813
6810,1843
6814,1759
6818,1642
6822,1626
6826,1715
6830,1794
6834,1755
6838,1670
6842,1681
6846,1787
6850,1872
6854,1843
6858,1758
6862,1767
6866,1863
6870,1955
6874,1927
6878,1833
6882,1827
6886,1905
6890,1981
6894,1930
6898,1824
6902,1803
6906,1874
6910,1949
6914,1901
6918,1791
6922,1770
6926,1846
6930,1922
6934,1879
6938,1757
6942,1740
6946,1814
6950,1904
6954,1866
6958,1763
6962,1749
6966,1838
6970,1908
6974,1870
6978,1761
6982,1743
6986,1819
6990,1888
6994,1820
6998,1701
7002,1686
7006,1779
7010,1869
7014,1813
7018,1707
7022,1700
7026,1792
7030,1872
7034,1836
7038,1723
7042,1690
7046,1769
7050,1858
7054,1813
7058,1701
7062,1680
7066,1773
7070,1856
7074,1801
7078,1685
7082,1665
7086,1751
7090,1842
7094,1792
7098,1679
7102,1659
7106,1749
7110,1839
7114,1775
7118,1653
7122,1648
7126,1743
7130,1834
7134,1781
7138,1670
7142,1669
7146,1779
7150,1909
7154,1920
7158,1850
7162,1840
7166,1918
7170,2005
7174,1958
7178,1845
7182,1829
7186,1904
7190,1971
7194,1913
7198,1772
7202,1719
7206,1787
7210,1861
7214,1814
7218,1705
7222,1682
7226,1773
7230,1878
7234,1859
7238,1758
7242,1726
7246,1779
7250,1872
7254,1844
7258,1744
7262,1729
7266,1843
7270,1919
7274,1857
7278,1747
7282,1737
7286,1825
7290,1915
7294,1875
7298,1776
7302,1754
7306,1823
7310,1893
7314,1840
7318,1732
7322,1713
7326,1792
7330,1879
7334,1834
7338,1734
7342,1712
7346,1808
7350,1904
7354,1855
7358,1739
7362,1722
7366,1821
7370,1930
7374,1891
7378,1778
7382,1763
7386,1840
7390,1934
7394,1905
7398,1834
7402,1845
7406,1954
7410,2064
7414,2021
7418,1919
7422,1919
7426,2077
7430,2240
7434,2239
7438,2121
7442,2066
7446,2111
7450,2150
7454,2059
7458,1872
7462,1808
7466,1875
7470,1949
7474,1895
7478,1766
7482,1734
7486,1798
7490,1886
7494,1855
7498,1739
7502,1706
7506,1781
7510,1872
7514,1831
7518,1715
7522,1700
7526,1791
7530,1889
7534,1845
7538,1744
7542,1731
7546,1796
7550,1822
7554,1674
7558,1477
7562,1416
7566,1482
7570,1773
7574,2307
7578,2961
7582,4095
7586,4095
7590,4095
7594,3919
7598,2809
7602,2075
7606,1837
7610,1844
7614,1809
7618,1730
7622,1723
7626,1795
7630,1873
7634,1823
7638,1703
7642,1648
7646,1717
7650,1828
7654,1823
7658,1731
7662,1692
7666,1748
7670,1843
7674,1833
7678,1747
7682,1728
7686,1794
7690,1897
7694,1883
7698,1780
7702,1733
7706,1791
7710,1889
7714,1893
7718,1810
7722,1772
7726,1824
7730,1920
7734,1929
7738,1877
7742,1883
7746,1980
7750,2081
7754,2062
7758,1959
7762,1905
7766,1943
7770,2021
7774,2013
7778,1931
7782,1877
7786,1918
7790,2000
7794,2000
7798,1919
7802,1872
7806,1923
7810,2016
7814,2017
7818,1943
7822,1898
7826,1949
7830,2057
7834,2069
7838,2000
7842,1943
7846,1978
7850,2058
7854,2028
7858,1923
7862,1874
7866,1897
7870,1957
7874,1918
7878,1806
7882,1751
7886,1798
7890,1866
7894,1806
7898,1675
7902,1617
7906,1683
7910,1787
7914,1746
7918,1617
7922,1579
7926,1657
7930,1774
7934,1744
7938,1629
7942,1585
7946,1661
7950,1767
7954,1739
7958,1636
7962,1586
7966,1673
7970,1776
7974,1746
7978,1642
7982,1603
7986,1678
7990,1787
7994,1776
7998,1669
8002,1618
8006,1691
8010,1813
8014,1795
8018,1670
8022,1618
8026,1687
8030,1807
8034,1787
8038,1686
8042,1648
8046,1719
8050,1840
8054,1814
8058,1708
8062,1668
8066,1739
8070,1841
8074,1807
8078,1686
8082,1646
8086,1716
8090,1840
8094,1841
8098,1808
8102,1809
8106,1862
8110,1967
8114,1936
8118,1879
8122,1827
8126,1851
8130,1907
8134,1840
8138,1680
8142,1613
8146,1680
8150,1802
8154,1769
8158,1650
8162,1616
8166,1728
8170,1872
8174,1840
8178,1739
8182,1697
8186,1749
8190,1858
8194,1858
8198,1751
8202,1703
8206,1763
8210,1886
8214,1870
8218,1755
8222,1694
8226,1764
8230,1872
8234,1854
8238,1746
8242,1694
8246,1744
8250,1846
8254,1830
8258,1736
8262,1694
8266,1771
8270,1911
8274,1932
8278,1856
8282,1824
8286,1901
8290,2020
8294,2063
8298,2031
8302,2019
8306,2097
8310,2190
8314,2141
8318,1984
8322,1885
8326,1889
8330,1969
8334,1936
8338,1808
8342,1727
8346,1761
8350,1858
8354,1825
8358,1725
8362,1683
8366,1766
8370,1887
8374,1870
8378,1763
8382,1714
8386,1773
8390,1872
8394,1845
8398,1737
8402,1703
8406,1776
8410,1897
8414,1898
8418,1793
8422,1673
8426,1616
8430,1633
8434,1567
8438,1428
8442,1488
8446,2093
8450,2973
8454,4095
8458,4095
8462,4095
8466,3843
8470,2881
8474,2078
8478,1600
8482,1455
8486,1530
8490,1732
8494,1797
8498,1705
8502,1630
8506,1671
8510,1774
8514,1741
8518,1632
8522,1570
8526,1635
8530,1751
8534,1738
8538,1634
8542,1573
8546,1633
8550,1746
8554,1714
8558,1598
8562,1535
8566,1616
8570,1745
8574,1738
8578,1633
8582,1584
8586,1661
8590,1790
8594,1787
8598,1691
8602,1635
8606,1687
8610,1799
8614,1783
8618,1693
8622,1648
8626,1712
8630,1822
8634,1805
8638,1695
8642,1629
8646,1690
8650,1809
8654,1793
8658,1688
8662,1630
8666,1694
8670,1818
8674,1805
8678,1711
8682,1680
8686,1763
8690,1886
8694,1888
8698,1799
8702,1740
8706,1783
8710,1904
8714,1898
8718,1812
8722,1791
8726,1879
8730,2015
8734,2017
8738,1917
8742,1846
8746,1888
8750,1984
8754,1949
8758,1833
8762,1776
8766,1832
8770,1943
8774,1947
8778,1866
8782,1821
8786,1878
8790,1989
8794,1967
8798,1843
8802,1777
8806,1840
8810,1963
8814,1959
8818,1872
8822,1814
8826,1872
8830,1981
8834,1967
8838,1867
8842,1816
8846,1875
8850,1983
8854,1966
8858,1842
8862,1773
8866,1827
8870,1943
8874,1938
8878,1840
8882,1774
8886,1826
8890,1936
8894,1921
8898,1810
8902,1744
8906,1805
8910,1921
8914,1915
8918,1811
8922,1741
8926,1792
8930,1903
8934,1899
8938,1803
8942,1747
8946,1808
8950,1935
8954,1939
8958,1846
8962,1778
8966,1833
8970,1957
8974,1964
8978,1898
8982,1849
8986,1876
8990,1969
8994,1920
8998,1796
9002,1740
9006,1818
9010,1956
9014,1966
9018,1872
9022,1797
9026,1851
9030,1968
9034,1969
9038,1860
9042,1789
9046,1837
9050,1940
9054,1943
9058,1843
9062,1766
9066,1823
9070,1936
9074,1936
9078,1821
9082,1746
9086,1806
9090,1915
9094,1907
9098,1822
9102,1776
9106,1833
9110,1943
9114,1939
9118,1837
9122,1767
9126,1815
9130,1926
9134,1920
9138,1818
9142,1745
9146,1799
9150,1920
9154,1927
9158,1836
9162,1772
9166,1824
9170,1935
9174,1912
9178,1809
9182,1725
9186,1775
9190,1903
9194,1907
9198,1821
9202,1759
9206,1808
9210,1954
9214,1999
9218,1936
9222,1891
9226,1941
9230,2068
9234,2069
9238,2017
9242,2020
9246,2135
9250,2278
9254,2259
9258,2122
9262,1964
9266,1931
9270,1995
9274,1981
9278,1850
9282,1713
9286,1736
9290,1840
9294,1807
9298,1670
9302,1583
9306,1633
9310,1752
9314,1749
9318,1648
9322,1570
9326,1625
9330,1746
9334,1744
9338,1645
9342,1578
9346,1632
9350,1746
9354,1747
9358,1646
9362,1535
9366,1495
9370,1518
9374,1455
9378,1339
9382,1296
9386,1772
9390,2609
9394,3491
9398,4095
9402,4095
9406,4095
9410,3803
9414,2721
9418,1983
9422,1657
9426,1658
9430,1867
9434,1987
9438,1920
9442,1810
9446,1792
9450,1863
9454,1870
9458,1786
9462,1707
9466,1737
9470,1840
9474,1853
9478,1766
9482,1683
9486,1712
9490,1815
9494,1834
9498,1758
9502,1692
9506,1724
9510,1825
9514,1838
9518,1754
9522,1677
9526,1709
9530,1807
9534,1819
9538,1744
9542,1680
9546,1719
9550,1827
9554,1843
9558,1776
9562,1707
9566,1737
9570,1837
9574,1845
9578,1760
9582,1680
9586,1712
9590,1824
9594,1833
9598,1743
9602,1667
9606,1705
9610,1814
9614,1831
9618,1748
9622,1675
9626,1720
9630,1834
9634,1845
9638,1776
9642,1713
9646,1770
9650,1882
9654,1904
9658,1842
9662,1741
9666,1772
9670,1904
9674,1872
9678,1726
9682,1653
9686,1761
9690,1965
9694,2006
9698,1890
9702,1759
9706,1761
9710,1857
9714,1868
9718,1785
9722,1714
9726,1746
9730,1853
9734,1872
9738,1796
9742,1731
9746,1791
9750,1906
9754,1923
9758,1856
9762,1805
9766,1856
9770,1956
9774,1958
9778,1863
9782,1783
9786,1821
9790,1924
9794,1940
9798,1858
9802,1783
9806,1815
9810,1910
9814,1937
9818,1881
9822,1809
9826,1829
9830,1920
9834,1951
9838,1895
9842,1837
9846,1863
9850,1964
9854,1989
9858,1919
9862,1846
9866,1869
9870,1967
9874,1979
9878,1897
9882,1811
9886,1837
9890,1933
9894,1956
9898,1891
9902,1808
9906,1810
9910,1903
9914,1926
9918,1862
9922,1783
9926,1807
9930,1906
9934,1935
9938,1859
9942,1783
9946,1818
9950,1926
9954,1952
9958,1873
9962,1794
9966,1821
9970,1915
9974,1953
9978,1879
9982,1789
9986,1808
9990,1906
9994,1933
9998,1877
10002,1808
10006,1826
10010,1918
10014,1935
10018,1871
10022,1793
10026,1822
10030,1913
10034,1930
10038,1850
10042,1759
10046,1795
10050,1909
10054,1936
10058,1861
10062,1770
10066,1808
10070,1903
10074,1914
10078,1829
10082,1744
10086,1776
10090,1871
10094,1936
10098,1858
10102,1755
10106,1763
10110,1858
10114,1882
10118,1826
10122,1747
10126,1766
10130,1845
10134,1856
10138,1787
10142,1731
10146,1746
10150,1838
10154,1851
10158,1792
10162,1750
10166,1855
10170,2028
10174,2118
10178,2122
10182,2062
10186,2097
10190,2247
10194,2347
10198,2343
10202,2274
10206,2258
10210,2288
10214,2262
10218,2148
10222,2000
10226,1971
10230,2034
10234,2054
10238,1975
10242,1882
10246,1875
10250,1954
10254,1999
10258,1935
10262,1833
10266,1847
10270,1950
10274,1967
10278,1880
10282,1797
10286,1815
10290,1915
10294,1950
10298,1894
10302,1808
10306,1819
10310,1897
10314,1878
10318,1728
10322,1535
10326,1498
10330,1566
10334,1632
10338,1938
10342,2512
10346,3402
10350,4095
10354,4095
10358,4095
10362,3024
10366,2236
10370,1861
10374,1786
10378,1715
10382,1646
10386,1682
10390,1806
10394,1840
10398,1766
10402,1683
10406,1690
10410,1765
10414,1798
10418,1740
10422,1650
10426,1653
10430,1740
10434,1778
10438,1731
10442,1663
10446,1681
10450,1762
10454,1795
10458,1746
10462,1680
10466,1681
10470,1760
10474,1794
10478,1744
10482,1674
10486,1695
10490,1779
10494,1808
10498,1744
10502,1658
10506,1663
10510,1739
10514,1765
10518,1713
10522,1643
10526,1651
10530,1733
10534,1773
10538,1712
10542,1634
10546,1646
10550,1730
10554,1773
10558,1723
10562,1643
10566,1654
10570,1755
10574,1793
10578,1737
10582,1645
10586,1639
10590,1722
10594,1701
10598,1578
10602,1454
10606,1469
10610,1590
10614,1616
10618,1535
10622,1455
10626,1511
10630,1655
10634,1680
10638,1581
10642,1474
10646,1509
10650,1641
10654,1664
10658,1561
10662,1439
10666,1468
10670,1589
10674,1603
10678,1513
10682,1418
10686,1456
10690,1582
10694,1593
10698,1504
10702,1415
10706,1463
10710,1600
10714,1623
10718,1529
10722,1437
10726,1479
10730,1616
10734,1655
10738,1575
10742,1475
10746,1515
10750,1650
10754,1680
10758,1587
10762,1488
10766,1535
10770,1670
10774,1707
10778,1622
10782,1520
10786,1555
10790,1684
10794,1712
10798,1634
10802,1535
10806,1579
10810,1695
10814,1721
10818,1647
10822,1563
10826,1600
10830,1725
10834,1760
10838,1669
10842,1572
10846,1614
10850,1747
10854,1775
10858,1679
10862,1584
10866,1628
10870,1760
10874,1790
10878,1701
10882,1612
10886,1655
10890,1781
10894,1803
10898,1708
10902,1606
10906,1647
10910,1771
10914,1787
10918,1695
10922,1600
10926,1634
10930,1773
10934,1808
10938,1719
10942,1630
10946,1659
10950,1778
10954,1811
10958,1728
10962,1630
10966,1665
10970,1793
10974,1824
10978,1742
10982,1648
10986,1689
10990,1813
10994,1851
10998,1765
11002,1674
11006,1712
11010,1840
11014,1867
11018,1776
11022,1678
11026,1715
11030,1846
11034,1876
11038,1790
11042,1692
11046,1728
11050,1855
11054,1890
11058,1810
11062,1735
11066,1809
11070,1984
11074,2043
11078,1961
11082,1856
11086,1895
11090,2087
11094,2207
11098,2171
11102,2075
11106,2085
11110,2164
11114,2144
11118,1999
11122,1837
11126,1821
11130,1914
11134,1924
11138,1824
11142,1712
11146,1730
11150,1839
11154,1872
11158,1776
11162,1668
11166,1690
11170,1819
11174,1830
11178,1750
11182,1648
11186,1687
11190,1811
11194,1855
11198,1766
11202,1658
11206,1696
11210,1815
11214,1839
11218,1692
11222,1486
11226,1424
11230,1503
11234,1506
11238,1565
11242,2023
11246,2815
11250,4095
11254,4095
11258,4095
11262,4082
11266,2960
11270,2169
11274,1740
11278,1527
11282,1472
11286,1626
11290,1826
11294,1859
11298,1736
11302,1595
11306,1600
11310,1712
11314,1743
11318,1649
11322,1535
11326,1587
11330,1714
11334,1751
11338,1662
11342,1553
11346,1593
11350,1722
11354,1764
11358,1686
11362,1582
11366,1616
11370,1745
11374,1790
11378,1710
11382,1606
11386,1645
11390,1776
11394,1818
11398,1728
11402,1623
11406,1658
11410,1785
11414,1828
11418,1744
11422,1636
11426,1671
11430,1807
11434,1847
11438,1765
11442,1649
11446,1684
11450,1809
11454,1845
11458,1761
11462,1658
11466,1694
11470,1823
11474,1866
11478,1785
11482,1685
11486,1727
11490,1857
11494,1909
11498,1836
11502,1744
11506,1796
11510,1937
11514,1997
11518,1929
11522,1840
11526,1891
11530,2023
11534,2078
11538,1997
11542,1887
11546,1911
11550,2021
11554,2055
11558,1968
11562,1843
11566,1858
11570,1965
11574,1994
11578,1904
11582,1789
11586,1815
11590,1936
11594,1980
11598,1897
11602,1782
11606,1808
11610,1930
11614,1969
11618,1887
11622,1776
11626,1808
11630,1925
11634,1968
11638,1887
11642,1781
11646,1813
11650,1936
11654,1978
11658,1899
11662,1793
11666,1819
11670,1938
11674,1979
11678,1897
11682,1787
11686,1813
11690,1933
11694,1971
11698,1897
11702,1790
11706,1821
11710,1936
11714,1978
11718,1905
11722,1803
11726,1834
11730,1952
11734,1986
11738,1901
11742,1791
11746,1811
11750,1936
11754,1975
11758,1898
11762,1792
11766,1821
11770,1936
11774,1975
11778,1895
11782,1790
11786,1825
11790,1947
11794,1989
11798,1907
11802,1797
11806,1821
11810,1936
11814,1976
11818,1899
11822,1792
11826,1822
11830,1936
11834,1986
11838,1904
11842,1795
11846,1821
11850,1943
11854,1983
11858,1904
11862,1786
11866,1808
11870,1927
11874,1971
11878,1897
11882,1789
11886,1810
11890,1936
11894,1974
11898,1898
11902,1791
11906,1827
11910,1953
11914,2000
11918,1913
11922,1803
11926,1831
11930,1946
11934,1997
11938,1919
11942,1807
11946,1827
11950,1942
11954,1988
11958,1918
11962,1814
11966,1838
11970,1951
11974,1997
11978,1917
11982,1812
11986,1838
11990,1943
11994,1987
11998,1921
12002,1847
12006,1921
12010,2089
12014,2148
12018,2064
12022,1943
12026,1991
12030,2180
12034,2297
12038,2254
12042,2131
12046,2112
12050,2181
12054,2178
12058,2054
12062,1879
12066,1859
12070,1942
12074,1968
12078,1872
12082,1745
12086,1761
12090,1872
12094,1913
12098,1828
12102,1711
12106,1735
12110,1852
12114,1890
12118,1813
12122,1707
12126,1723
12130,1835
12134,1878
12138,1807
12142,1695
12146,1719
12150,1827
12154,1840
12158,1666
12162,1438
12166,1392
12170,1488
12174,1573
12178,1931
12182,2535
12186,3434
12190,4095
12194,4095
12198,4095
12202,3386
12206,2385
12210,1841
12214,1639
12218,1535
12222,1555
12226,1677
12230,1807
12234,1807
12238,1683
12242,1535
12246,1564
12250,1681
12254,1767
12258,1661
12262,1559
12266,1574
12270,1691
12274,1743
12278,1666
12282,1559
12286,1584
12290,1699
12294,1749
12298,1680
12302,1574
12306,1600
12310,1717
12314,1767
12318,1689
12322,1579
12326,1599
12330,1723
12334,1777
12338,1707
12342,1597
12346,1614
12350,1722
12354,1776
12358,1706
12362,1599
12366,1616
12370,1733
12374,1786
12378,1712
12382,1600
12386,1619
12390,1733
12394,1787
12398,1714
12402,1606
12406,1630
12410,1745
12414,1801
12418,1734
12422,1634
12426,1665
12430,1794
12434,1856
12438,1794
12442,1693
12446,1732
12450,1873
12454,1953
12458,1893
12462,1794
12466,1831
12470,1963
12474,2022
12478,1944
12482,1821
12486,1838
12490,1947
12494,1997
12498,1906
12502,1783
12506,1789
12510,1891
12514,1947
12518,1872
12522,1755
12526,1770
12530,1875
12534,1929
12538,1850
12542,1729
12546,1751
12550,1869
12554,1920
12558,1847
12562,1744
12566,1775
12570,1894
12574,1945
12578,1873
12582,1765
12586,1781
12590,1894
12594,1938
12598,1868
12602,1757
12606,1774
12610,1887
12614,1939
12618,1863
12622,1748
12626,1767
12630,1883
12634,1936
12638,1861
12642,1745
12646,1776
12650,1891
12654,1942
12658,1863
12662,1750
12666,1777
12670,1898
12674,1951
12678,1872
12682,1751
12686,1763
12690,1879
12694,1936
12698,1867
12702,1747
12706,1769
12710,1877
12714,1931
12718,1859
12722,1747
12726,1767
12730,1881
12734,1937
12738,1871
12742,1757
12746,1775
12750,1885
12754,1942
12758,1872
12762,1762
12766,1782
12770,1891
12774,1937
12778,1863
12782,1745
12786,1757
12790,1873
12794,1958
12798,1936
12802,1872
12806,1921
12810,2057
12814,2117
12818,2019
12822,1932
12826,2010
12830,2205
12834,2334
12838,2288
12842,2143
12846,2112
12850,2173
12854,2155
12858,1981
12862,1790
12866,1761
12870,1843
12874,1873
12878,1794
12882,1669
12886,1679
12890,1778
12894,1823
12898,1742
12902,1623
12906,1639
12910,1746
12914,1790
12918,1699
12922,1571
12926,1600
12930,1727
12934,1783
12938,1699
12942,1579
12946,1570
12950,1616
12954,1535
12958,1373
12962,1233
12966,1242
12970,1535
12974,2206
12978,2899
12982,3856
12986,4095
12990,4095
12994,3776
12998,2672
13002,1857
13006,1554
13010,1556
13014,1625
13018,1621
13022,1535
13026,1535
13030,1627
13034,1653
13038,1570
13042,1442
13046,1455
13050,1584
13054,1645
13058,1566
13062,1441
13066,1458
13070,1583
13074,1635
13078,1565
13082,1460
13086,1478
13090,1607
13094,1666
13098,1597
13102,1487
13106,1499
13110,1627
13114,1693
13118,1619
13122,1501
13126,1511
13130,1639
13134,1712
13138,1648
13142,1526
13146,1535
13150,1671
13154,1733
13158,1650
13162,1534
13166,1535
13170,1659
13174,1722
13178,1651
13182,1533
13186,1556
13190,1712
13194,1873
13198,1969
13202,1968
13206,2000
13210,2095
13214,2160
13218,2130
13222,2033
13226,2034
13230,2121
13234,2185
13238,2167
13242,2112
13246,2131
13250,2229
13254,2301
13258,2277
13262,2193
13266,2181
13270,2258
13274,2318
13278,2285
13282,2194
13286,2160
13290,2209
13294,2259
13298,2214
13302,2127
13306,2111
13310,2162
13314,2228
13318,2189
13322,2095
13326,2079
13330,2144
13334,2219
13338,2158
13342,2074
13346,2067
13350,2137
13354,2177
13358,2133
13362,2031
13366,2035
13370,2117
13374,2166
13378,2128
13382,2032
13386,2018
13390,2091
13394,2141
13398,2103
13402,2000
13406,1984
13410,2047
13414,2079
13418,2025
13422,1937
13426,1919
13430,1971
13434,2033
13438,2003
13442,1907
13446,1899
13450,1971
13454,2031
13458,1973
13462,1871
13466,1852
13470,1920
13474,1970
13478,1930
13482,1844
13486,1846
13490,1910
13494,1966
13498,1923
13502,1830
13506,1821
13510,1904
13514,1947
13518,1896
13522,1811
13526,1818
13530,1921
13534,2017
13538,2005
13542,1943
13546,1939
13550,2014
13554,2091
13558,2111
13562,2091
13566,2142
13570,2269
13574,2351
13578,2295
13582,2163
13586,2096
13590,2093
13594,2069
13598,1969
13602,1840
13606,1789
13610,1857
13614,1901
13618,1840
13622,1722
13626,1706
13630,1779
13634,1840
13638,1808
13642,1719
13646,1703
13650,1780
13654,1840
13658,1799
13662,1697
13666,1676
13670,1747
13674,1809
13678,1780
13682,1693
13686,1627
13690,1603
13694,1573
13698,1463
13702,1340
13706,1331
13710,1699
13714,2373
13718,3169
13722,4095
13726,4095
13730,4070
13734,3111
13738,2299
13742,1747
13746,1595
13750,1618
13754,1663
13758,1665
13762,1647
13766,1658
13770,1728
13774,1783
13778,1749
13782,1674
13786,1650
13790,1711
13794,1769
13798,1737
13802,1648
13806,1632
13810,1703
13814,1760
13818,1724
13822,1644
13826,1635
13830,1712
13834,1767
13838,1734
13842,1653
13846,1647
13850,1713
13854,1781
13858,1749
13862,1673
13866,1671
13870,1743
13874,1802
13878,1761
13882,1671
13886,1665
13890,1739
13894,1803
13898,1767
13902,1680
13906,1665
13910,1729
13914,1792
13918,1753
13922,1669
13926,1659
13930,1733
13934,1787
13938,1750
13942,1668
13946,1666
13950,1746
13954,1817
13958,1781
13962,1689
13966,1670
13970,1743
13974,1802
13978,1770
13982,1679
13986,1650
13990,1729
13994,1792
13998,1727
14002,1618
14006,1658
14010,1777
14014,1849
14018,1804
14022,1697
14026,1673
14030,1739
14034,1783
14038,1727
14042,1610
14046,1589
14050,1661
14054,1713
14058,1662
14062,1647
14066,1733
14070,1834
14074,1853
14078,1731
14082,1555
14086,1513
14090,1599
14094,1678
14098,1642
14102,1535
14106,1535
14110,1647
14114,1699
14118,1630
14122,1515
14126,1526
14130,1646
14134,1722
14138,1681
14142,1597
14146,1607
14150,1695
14154,1756
14158,1707
14162,1611
14166,1619
14170,1719
14174,1795
14178,1739
14182,1632
14186,1628
14190,1718
14194,1776
14198,1717
14202,1625
14206,1647
14210,1742
14214,1786
14218,1712
14222,1601
14226,1601
14230,1701
14234,1767
14238,1707
14242,1603
14246,1607
14250,1703
14254,1773
14258,1712
14262,1597
14266,1609
14270,1719
14274,1805
14278,1766
14282,1684
14286,1679
14290,1735
14294,1775
14298,1718
14302,1615
14306,1614
14310,1705
14314,1765
14318,1706
14322,1600
14326,1618
14330,1723
14334,1774
14338,1703
14342,1603
14346,1619
14350,1732
14354,1806
14358,1755
14362,1670
14366,1685
14370,1793
14374,1869
14378,1808
14382,1694
14386,1691
14390,1789
14394,1861
14398,1805
14402,1701
14406,1701
14410,1803
14414,1877
14418,1836
14422,1742
14426,1738
14430,1819
14434,1885
14438,1842
14442,1771
14446,1820
14450,1968
14454,2064
14458,2007
14462,1895
14466,1899
14470,2047
14474,2197
14478,2189
14482,2083
14486,2041
14490,2093
14494,2102
14498,1985
14502,1823
14506,1774
14510,1840
14514,1878
14518,1808
14522,1691
14526,1680
14530,1761
14534,1810
14538,1757
14542,1654
14546,1652
14550,1745
14554,1807
14558,1743
14562,1629
14566,1631
14570,1734
14574,1799
14578,1744
14582,1642
14586,1641
14590,1737
14594,1766
14598,1611
14602,1392
14606,1344
14610,1439
14614,1535
14618,1921
14622,2537
14626,3421
14630,4095
14634,4095
14638,4095
14642,3467
14646,2395
14650,1776
14654,1570
14658,1499
14662,1511
14666,1626
14670,1731
14674,1747
14678,1658
14682,1529
14686,1511
14690,1611
14694,1673
14698,1617
14702,1517
14706,1518
14710,1619
14714,1691
14718,1642
14722,1526
14726,1530
14730,1634
14734,1709
14738,1658
14742,1552
14746,1535
14750,1641
14754,1767
14758,1783
14762,1697
14766,1629
14770,1650
14774,1706
14778,1671
14782,1568
14786,1575
14790,1675
14794,1763
14798,1744
14802,1686
14806,1757
14810,1906
14814,1981
14818,1915
14822,1800
14826,1779
14830,1834
14834,1874
14838,1840
14842,1750
14846,1762
14850,1849
14854,1904
14858,1829
14862,1725
14866,1739
14870,1844
14874,1931
14878,1898
14882,1803
14886,1802
14890,1900
14894,1979
14898,1947
14902,1867
14906,1872
14910,1968
14914,2025
14918,1961
14922,1861
14926,1861
14930,1947
14934,2001
14938,1941
14942,1838
14946,1837
14950,1927
14954,1975
14958,1909
14962,1805
14966,1805
14970,1890
14974,1947
14978,1894
14982,1806
14986,1809
14990,1895
14994,1958
14998,1910
15002,1809
15006,1801
15010,1891
15014,1968
15018,1926
15022,1814
15026,1802
15030,1889
15034,1963
15038,1913
15042,1808
15046,1803
15050,1904
15054,1968
15058,1923
15062,1826
15066,1814
15070,1898
15074,1967
15078,1954
15082,1888
15086,1886
15090,1939
15094,1947
15098,1808
15102,1630
15106,1633
15110,1767
15114,1840
15118,1754
15122,1663
15126,1733
15130,1905
15134,2047
15138,2058
15142,1968
15146,1946
15150,2016
15154,2112
15158,2133
15162,2103
15166,2110
15170,2177
15174,2234
15178,2206
15182,2128
15186,2106
15190,2160
15194,2203
15198,2162
15202,2064
15206,2034
15210,2096
15214,2154
15218,2126
15222,2039
15226,2017
15230,2071
15234,2119
15238,2090
15242,2007
15246,1987
15250,2054
15254,2109
15258,2066
15262,1979
15266,1966
15270,2025
15274,2093
15278,2062
15282,1968
15286,1941
15290,1991
15294,2065
15298,2039
15302,1953
15306,1917
15310,1973
15314,2047
15318,2021
15322,1937
15326,1915
15330,1975
15334,2037
15338,2002
15342,1917
15346,1904
15350,1968
15354,2035
15358,2028
15362,1978
15366,1995
15370,2083
15374,2151
15378,2117
15382,2033
15386,2084
15390,2228
15394,2332
15398,2299
15402,2181
15406,2130
15410,2149
15414,2159
15418,2057
15422,1927
15426,1872
15430,1905
15434,1958
15438,1905
15442,1824
15446,1778
15450,1837
15454,1889
15458,1854
15462,1760
15466,1741
15470,1797
15474,1862
15478,1833
15482,1750
15486,1741
15490,1803
15494,1857
15498,1826
15502,1744
15506,1714
15510,1734
15514,1696
15518,1552
15522,1392
15526,1349
15530,1445
15534,1921
15538,2606
15542,3435
15546,4095
15550,4095
15554,4095
15558,3393
15562,2365
15566,1776
15570,1645
15574,1652
15578,1657
15582,1649
15586,1657
15590,1695
15594,1726
15598,1671
15602,1571
15606,1535
15610,1618
15614,1680
15618,1653
15622,1567
15626,1535
15630,1621
15634,1679
15638,1646
15642,1565
15646,1535
15650,1616
15654,1681
15658,1655
15662,1577
15666,1567
15670,1647
15674,1709
15678,1683
15682,1600
15686,1591
15690,1659
15694,1717
15698,1691
15702,1604
15706,1599
15710,1671
15714,1735
15718,1699
15722,1616
15726,1605
15730,1680
15734,1737
15738,1703
15742,1619
15746,1611
15750,1680
15754,1739
15758,1706
15762,1617
15766,1613
15770,1687
15774,1753
15778,1731
15782,1654
15786,1661
15790,1741
15794,1806
15798,1778
15802,1712
15806,1726
15810,1815
15814,1897
15818,1873
15822,1798
15826,1790
15830,1857
15834,1911
15838,1873
15842,1785
15846,1765
15850,1828
15854,1883
15858,1835
15862,1739
15866,1722
15870,1797
15874,1857
15878,1811
15882,1719
15886,1712
15890,1778
15894,1840
15898,1808
15902,1722
15906,1710
15910,1783
15914,1847
15918,1809
15922,1719
15926,1715
15930,1791
15934,1853
15938,1808
15942,1714
15946,1707
15950,1780
15954,1843
15958,1811
15962,1726
15966,1715
15970,1788
15974,1851
15978,1809
15982,1721
15986,1711
15990,1782
15994,1852
15998,1820
16002,1734
16006,1722
16010,1790
16014,1846
16018,1808
16022,1721
16026,1727
16030,1805
16034,1855
16038,1808
16042,1719
16046,1712
16050,1789
16054,1851
16058,1813
16062,1728
16066,1723
16070,1798
16074,1859
16078,1823
16082,1731
16086,1727
16090,1811
16094,1870
16098,1827
16102,1731
16106,1729
16110,1805
16114,1858
16118,1823
16122,1742
16126,1733
16130,1799
16134,1856
16138,1820
16142,1734
16146,1731
16150,1815
16154,1877
16158,1835
16162,1745
16166,1739
16170,1810
16174,1873
16178,1839
16182,1746
16186,1744
16190,1815
16194,1872
16198,1835
16202,1750
16206,1758
16210,1829
16214,1883
16218,1840
16222,1751
16226,1744
16230,1825
16234,1880
16238,1840
16242,1765
16246,1759
16250,1831
16254,1885
16258,1840
16262,1754
16266,1745
16270,1828
16274,1888
16278,1855
16282,1766
16286,1758
16290,1837
16294,1890
16298,1843
16302,1757
16306,1754
16310,1835
16314,1905
16318,1897
16322,1855
16326,1884
16330,1981
16334,2038
16338,1991
16342,1922
16346,1984
16350,2144
16354,2250
16358,2193
16362,2064
16366,2000
16370,2026
16374,2035
16378,1949
16382,1824
16386,1779
16390,1830
16394,1872
16398,1815
16402,1712
16406,1703
16410,1777
16414,1834
16418,1787
16422,1693
16426,1683
16430,1767
16434,1826
16438,1781
16442,1696
16446,1687
16450,1769
16454,1824
16458,1786
16462,1694
16466,1675
16470,1682
16474,1648
16478,1499
16482,1354
16486,1316
16490,1510
16494,2126
16498,2858
16502,3846
16506,4095
16510,4095
16514,4095
16518,3127
16522,2171
16526,1695
16530,1616
16534,1651
16538,1693
16542,1667
16546,1648
16550,1691
16554,1723
16558,1665
16562,1573
16566,1561
16570,1638
16574,1695
16578,1648
16582,1567
16586,1555
16590,1632
16594,1700
16598,1659
16602,1573
16606,1570
16610,1649
16614,1717
16618,1680
16622,1594
16626,1586
16630,1669
16634,1739
16638,1697
16642,1606
16646,1601
16650,1681
16654,1747
16658,1710
16662,1617
16666,1618
16670,1699
16674,1761
16678,1722
16682,1634
16686,1622
16690,1702
16694,1760
16698,1712
16702,1619
16706,1613
16710,1694
16714,1769
16718,1726
16722,1636
16726,1626
16730,1711
16734,1775
16738,1752
16742,1677
16746,1680
16750,1771
16754,1831
16758,1802
16762,1738
16766,1746
16770,1844
16774,1934
16778,1912
16782,1827
16786,1817
16790,1882
16794,1918
16798,1849
16802,1726
16806,1701
16810,1769
16814,1814
16818,1767
16822,1673
16826,1675
16830,1760
16834,1808
16838,1754
16842,1662
16846,1664
16850,1756
16854,1812
16858,1759
16862,1655
16866,1653
16870,1747
16874,1817
16878,1770
16882,1677
16886,1678
16890,1767
16894,1830
16898,1778
16902,1686
16906,1687
16910,1787
16914,1843
16918,1795
16922,1700
16926,1703
16930,1795
16934,1850
16938,1805
16942,1709
16946,1710
16950,1797
16954,1856
16958,1809
16962,1713
16966,1712
16970,1808
16974,1867
16978,1810
16982,1712
16986,1712
16990,1801
16994,1857
16998,1808
17002,1717
17006,1716
17010,1803
17014,1851
17018,1803
17022,1711
17026,1712
17030,1799
17034,1858
17038,1810
17042,1717
17046,1713
17050,1808
17054,1869
17058,1827
17062,1732
17066,1730
17070,1815
17074,1871
17078,1814
17082,1725
17086,1740
17090,1826
17094,1876
17098,1821
17102,1723
17106,1733
17110,1828
17114,1883
17118,1834
17122,1739
17126,1744
17130,1840
17134,1897
17138,1842
17142,1741
17146,1741
17150,1831
17154,1891
17158,1840
17162,1744
17166,1746
17170,1840
17174,1899
17178,1840
17182,1744
17186,1747
17190,1850
17194,1902
17198,1841
17202,1744
17206,1751
17210,1856
17214,1919
17218,1862
17222,1761
17226,1765
17230,1855
17234,1909
17238,1866
17242,1776
17246,1786
17250,1872
17254,1920
17258,1866
17262,1772
17266,1777
17270,1877
17274,1943
17278,1917
17282,1869
17286,1909
17290,2015
17294,2065
17298,2000
17302,1941
17306,2025
17310,2178
17314,2270
17318,2222
17322,2092
17326,2032
17330,2063
17334,2057
17338,1946
17342,1813
17346,1805
17350,1881
17354,1913
17358,1840
17362,1727
17366,1725
17370,1815
17374,1858
17378,1795
17382,1700
17386,1702
17390,1793
17394,1853
17398,1794
17402,1681
17406,1665
17410,1749
17414,1806
17418,1765
17422,1696
17426,1690
17430,1700
17434,1645
17438,1518
17442,1410
17446,1424
17450,1883
17454,2646
17458,3521
17462,4095
17466,4095
17470,4095
17474,3771
17478,2651
17482,1875
17486,1587
17490,1610
17494,1722
17498,1761
17502,1698
17506,1673
17510,1726
17514,1751
17518,1687
17522,1591
17526,1600
17530,1717
17534,1746
17538,1680
17542,1586
17546,1595
17550,1685
17554,1741
17558,1685
17562,1595
17566,1587
17570,1664
17574,1675
17578,1584
17582,1472
17586,1485
17590,1581
17594,1623
17598,1582
17602,1462
17606,1455
17610,1535
17614,1574
17618,1494
17622,1386
17626,1397
17630,1530
17634,1593
17638,1600
17642,1580
17646,1533
17650,1535
17654,1566
17658,1488
17662,1387
17666,1424
17670,1535
17674,1611
17678,1535
17682,1442
17686,1476
17690,1599
17694,1646
17698,1583
17702,1482
17706,1527
17710,1678
17714,1733
17718,1675
17722,1591
17726,1651
17730,1797
17734,1869
17738,1806
17742,1706
17746,1730
17750,1841
17754,1872
17758,1807
17762,1710
17766,1725
17770,1821
17774,1842
17778,1760
17782,1648
17786,1670
17790,1790
17794,1831
17798,1749
17802,1647
17806,1685
17810,1830
17814,1978
17818,1919
17822,1706
17826,1665
17830,1780
17834,1879
17838,1825
17842,1723
17846,1776
17850,1889
17854,1904
17858,1872
17862,1823
17866,1855
17870,1969
17874,2010
17878,1904
17882,1821
17886,1810
17890,1871
17894,1858
17898,1854
17902,1795
17906,1761
17910,1825
17914,1863
17918,1770
17922,1664
17926,1712
17930,1843
17934,1894
17938,1822
17942,1739
17946,1781
17950,1895
17954,1926
17958,1815
17962,1693
17966,1713
17970,1831
17974,1879
17978,1826
17982,1755
17986,1788
17990,1901
17994,1942
17998,1856
18002,1747
18006,1758
18010,1859
18014,1891
18018,1810
18022,1699
18026,1728
18030,1847
18034,1907
18038,1856
18042,1741
18046,1743
18050,1846
18054,1891
18058,1821
18062,1737
18066,1770
18070,1879
18074,1923
18078,1839
18082,1728
18086,1753
18090,1878
18094,1934
18098,1854
18102,1741
18106,1777
18110,1897
18114,1945
18118,1891
18122,1796
18126,1808
18130,1922
18134,1968
18138,1884
18142,1794
18146,1822
18150,1931
18154,1987
18158,1937
18162,1846
18166,1868
18170,1982
18174,2001
18178,1920
18182,1825
18186,1846
18190,1951
18194,2000
18198,1938
18202,1831
18206,1864
18210,1995
18214,2096
18218,2067
18222,1989
18226,2001
18230,2109
18234,2171
18238,2160
18242,2118
18246,2164
18250,2286
18254,2317
18258,2194
18262,2011
18266,1975
18270,2042
18274,2047
18278,1962
18282,1839
18286,1837
18290,1939
18294,1965
18298,1873
18302,1779
18306,1779
18310,1872
18314,1902
18318,1813
18322,1718
18326,1758
18330,1866
18334,1903
18338,1821
18342,1722
18346,1744
18350,1856
18354,1877
18358,1718
18362,1492
18366,1417
18370,1482
18374,1521
18378,1771
18382,2338
18386,3185
18390,4095
18394,4095
18398,4095
18402,4057
18406,2919
18410,2189
18414,1813
18418,1623
18422,1591
18426,1724
18430,1861
18434,1874
18438,1761
18442,1627
18446,1641
18450,1751
18454,1789
18458,1701
18462,1600
18466,1619
18470,1732
18474,1775
18478,1702
18482,1605
18486,1621
18490,1738
18494,1773
18498,1711
18502,1622
18506,1653
18510,1766
18514,1802
18518,1726
18522,1629
18526,1661
18530,1783
18534,1835
18538,1754
18542,1664
18546,1686
18550,1789
18554,1822
18558,1743
18562,1647
18566,1675
18570,1785
18574,1834
18578,1745
18582,1647
18586,1663
18590,1773
18594,1799
18598,1713
18602,1627
18606,1659
18610,1787
18614,1821
18618,1755
18622,1664
18626,1702
18630,1830
18634,1847
18638,1765
18642,1685
18646,1744
18650,1903
18654,1964
18658,1898
18662,1808
18666,1854
18670,1975
18674,2013
18678,1946
18682,1843
18686,1863
18690,1968
18694,2000
18698,1911
18702,1810
18706,1837
18710,1937
18714,1962
18718,1881
18722,1778
18726,1794
18730,1901
18734,1935
18738,1853
18742,1756
18746,1786
18750,1900
18754,1936
18758,1856
18762,1762
18766,1789
18770,1905
18774,1947
18778,1872
18782,1764
18786,1787
18790,1911
18794,1949
18798,1872
18802,1776
18806,1812
18810,1923
18814,1955
18818,1877
18822,1776
18826,1803
18830,1926
18834,1951
18838,1857
18842,1754
18846,1786
18850,1903
18854,1936
18858,1855
18862,1760
18866,1790
18870,1913
18874,1936
18878,1847
18882,1757
18886,1781
18890,1889
18894,1936
18898,1869
18902,1762
18906,1798
18910,1915
18914,1939
18918,1856
18922,1763
18926,1794
18930,1906
18934,1929
18938,1809
18942,1698
18946,1737
18950,1850
18954,1876
18958,1795
18962,1712
18966,1753
18970,1870
18974,1904
18978,1803
18982,1696
18986,1771
18990,1902
18994,1927
18998,1840
19002,1719
19006,1727
19010,1842
19014,1861
19018,1777
19022,1683
19026,1718
19030,1836
19034,1875
19038,1799
19042,1695
19046,1730
19050,1859
19054,1886
19058,1809
19062,1737
19066,1812
19070,1995
19074,2077
19078,2019
19082,1934
19086,1962
19090,2107
19094,2206
19098,2192
19102,2123
19106,2154
19110,2233
19114,2206
19118,2075
19122,1925
19126,1891
19130,1959
19134,1955
19138,1846
19142,1735
19146,1751
19150,1853
19154,1867
19158,1773
19162,1673
19166,1685
19170,1808
19174,1813
19178,1719
19182,1607
19186,1645
19190,1767
19194,1798
19198,1727
19202,1638
19206,1670
19210,1768
19214,1711
19218,1519
19222,1323
19226,1288
19230,1351
19234,1578
19238,2123
19242,2849
19246,4095
19250,4095
19254,4095
19258,4095
19262,2885
19266,2042
19270,1712
19274,1600
19278,1580
19282,1602
19286,1690
19290,1788
19294,1791
19298,1685
19302,1589
19306,1615
19310,1719
19314,1728
19318,1630
19322,1524
19326,1564
19330,1683
19334,1703
19338,1616
19342,1507
19346,1507
19350,1619
19354,1646
19358,1557
19362,1459
19366,1523
19370,1658
19374,1664
19378,1555
19382,1474
19386,1535
19390,1680
19394,1699
19398,1607
19402,1535
19406,1600
19410,1727
19414,1741
19418,1654
19422,1552
19426,1593
19430,1721
19434,1738
19438,1638
19442,1524
19446,1571
19450,1711
19454,1719
19458,1635
19462,1553
19466,1584
19470,1692
19474,1712
19478,1616
19482,1535
19486,1605
19490,1779
19494,1808
19498,1712
19502,1627
19506,1690
19510,1845
19514,1869
19518,1815
19522,1744
19526,1805
19530,1948
19534,1970
19538,1877
19542,1787
19546,1831
19550,1947
19554,1948
19558,1858
19562,1783
19566,1829
19570,1939
19574,1953
19578,1857
19582,1761
19586,1797
19590,1923
19594,1936
19598,1851
19602,1769
19606,1808
19610,1915
19614,1923
19618,1840
19622,1751
19626,1782
19630,1901
19634,1926
19638,1840
19642,1697
19646,1762
19650,1883
19654,1893
19658,1786
19662,1703
19666,1765
19670,1872
19674,1885
19678,1782
19682,1697
19686,1743
19690,1872
19694,1882
19698,1778
19702,1681
19706,1737
19710,1872
19714,1892
19718,1801
19722,1709
19726,1757
19730,1895
19734,1907
19738,1821
19742,1729
19746,1760
19750,1877
19754,1885
19758,1792
19762,1719
19766,1775
19770,1907
19774,1905
19778,1814
19782,1743
19786,1761
19790,1883
19794,1893
19798,1819
19802,1739
19806,1786
19810,1906
19814,1904
19818,1808
19822,1734
19826,1770
19830,1881
19834,1904
19838,1823
19842,1756
19846,1805
19850,1923
19854,1927
19858,1838
19862,1762
19866,1821
19870,1968
19874,2000
19878,1899
19882,1815
19886,1906
19890,2085
19894,2185
19898,2151
19902,2090
19906,2123
19910,2225
19914,2256
19918,2224
19922,2199
19926,2282
19930,2398
19934,2382
19938,2246
19942,2127
19946,2097
19950,2129
19954,2100
19958,1978
19962,1877
19966,1891
19970,1976
19974,1984
19978,1904
19982,1824
19986,1847
19990,1952
19994,1959
19998,1861
20002,1805
20006,1849
20010,1968
20014,1968
20018,1881
20022,1808
20026,1840
20030,1945
20034,1936
20038,1762
20042,1530
20046,1461
20050,1535
20054,1507
20058,1678
20062,2287
20066,3210
20070,4095
20074,4095
20078,4095
20082,4095
20086,3056
20090,2291
20094,1840
20098,1621
20102,1634
20106,1763
20110,1885
20114,1867
20118,1744
20122,1646
20126,1659
20130,1759
20134,1774
20138,1694
20142,1616
20146,1643
20150,1750
20154,1773
20158,1682
20162,1616
20166,1645
20170,1744
20174,1757
20178,1679
20182,1611
20186,1648
20190,1758
20194,1774
20198,1684
20202,1615
20206,1649
20210,1760
20214,1755
20218,1652
20222,1579
20226,1645
20230,1758
20234,1774
20238,1680
20242,1600
20246,1645
20250,1750
20254,1761
20258,1676
20262,1591
20266,1634
20270,1737
20274,1741
20278,1641
20282,1567
20286,1600
20290,1706
20294,1713
20298,1639
20302,1566
20306,1616
20310,1744
20314,1765
20318,1689
20322,1645
20326,1687
20330,1819
20334,1863
20338,1775
20342,1729
20346,1805
20350,1950
20354,1984
20358,1904
20362,1840
20366,1859
20370,1968
20374,1980
20378,1909
20382,1840
20386,1857
20390,1953
20394,1957
20398,1868
20402,1805
20406,1845
20410,1953
20414,1936
20418,1856
20422,1790
20426,1842
20430,1963
20434,1961
20438,1861
20442,1775
20446,1818
20450,1934
20454,1933
20458,1842
20462,1794
20466,1846
20470,1939
20474,1937
20478,1847
20482,1775
20486,1795
20490,1930
20494,1967
20498,1866
20502,1794
20506,1836
20510,1940
20514,1938
20518,1847
20522,1793
20526,1838
20530,1943
20534,1937
20538,1847
20542,1787
20546,1833
20550,1938
20554,1937
20558,1838
20562,1776
20566,1833
20570,1949
20574,1951
20578,1845
20582,1781
20586,1821
20590,1935
20594,1930
20598,1831
20602,1773
20606,1811
20610,1925
20614,1924
20618,1821
20622,1735
20626,1776
20630,1910
20634,1954
20638,1847
20642,1787
20646,1821
20650,1923
20654,1938
20658,1872
20662,1808
20666,1899
20670,2076
20674,2106
20678,2022
20682,1953
20686,1989
20690,2131
20694,2212
20698,2150
20702,2151
20706,2213
20710,2285
20714,2224
20718,2078
20722,1933
20726,1894
20730,1935
20734,1913
20738,1808
20742,1722
20746,1750
20750,1829
20754,1827
20758,1719
20762,1649
20766,1691
20770,1791
20774,1788
20778,1699
20782,1633
20786,1683
20790,1798
20794,1797
20798,1722
20802,1669
20806,1685
20810,1746
20814,1625
20818,1419
20822,1245
20826,1248
20830,1361
20834,1776
20838,2418
20842,3251
20846,4095
20850,4095
20854,4095
20858,3325
20862,2347
20866,1826
20870,1697
20874,1639
20878,1616
20882,1612
20886,1662
20890,1746
20894,1711
20898,1591
20902,1534
20906,1600
20910,1701
20914,1691
20918,1587
20922,1520
20926,1553
20930,1643
20934,1645
20938,1567
20942,1509
20946,1570
20950,1661
20954,1626
20958,1535
20962,1507
20966,1585
20970,1703
20974,1683
20978,1578
20982,1515
20986,1585
20990,1700
20994,1697
20998,1603
21002,1535
21006,1599
21010,1714
21014,1695
21018,1595
21022,1535
21026,1597
21030,1712
21034,1699
21038,1607
21042,1535
21046,1600
21050,1702
21054,1693
21058,1600
21062,1535
21066,1603
21070,1702
21074,1706
21078,1637
21082,1583
21086,1626
21090,1732
21094,1730
21098,1662
21102,1642
21106,1730
21110,1857
21114,1875
21118,1795
21122,1744
21126,1809
21130,1952
21134,1970
21138,1885
21142,1834
21146,1905
21150,2005
21154,1987
21158,1871
21162,1808
21166,1858
21170,1981
21174,1991
21178,1911
21182,1833
21186,1863
21190,1974
21194,1968
21198,1856
21202,1811
21206,1861
21210,1979
21214,2000
21218,1921
21222,1855
21226,1904
21230,2001
21234,1984
21238,1883
21242,1841
21246,1893
21250,1984
21254,1970
21258,1904
21262,1846
21266,1885
21270,1978
21274,1968
21278,1887
21282,1826
21286,1872
21290,1973
21294,1968
21298,1899
21302,1855
21306,1910
21310,1995
21314,2000
21318,1916
21322,1840
21326,1891
21330,1999
21334,1975
21338,1883
21342,1853
21346,1910
21350,2014
21354,2000
21358,1909
21362,1835
21366,1875
21370,1979
21374,1971
21378,1873
21382,1812
21386,1881
21390,1988
21394,1974
21398,1872
21402,1817
21406,1873
21410,2000
21414,1965
21418,1841
21422,1799
21426,1879
21430,2025
21434,2062
21438,1990
21442,1953
21446,2000
21450,2078
21454,2083
21458,2058
21462,2096
21466,2212
21470,2348
21474,2315
21478,2181
21482,2074
21486,2036
21490,2038
21494,1959
21498,1813
21502,1739
21506,1783
21510,1889
21514,1869
21518,1745
21522,1689
21526,1736
21530,1824
21534,1808
21538,1712
21542,1679
21546,1724
21550,1827
21554,1817
21558,1722
21562,1659
21566,1717
21570,1810
21574,1759
21578,1565
21582,1388
21586,1346
21590,1393
21594,1324
21598,1517
21602,2178
21606,3105
21610,4095
21614,4095
21618,4095
21622,3744
21626,2775
21630,2181
21634,1857
21638,1653
21642,1629
21646,1735
21650,1830
21654,1749
21658,1657
21662,1665
21666,1631
21670,1709
21674,1674
21678,1520
21682,1475
21686,1446
21690,1581
21694,1586
21698,1515
21702,1501
21706,1634
21710,1740
21714,1753
21718,1671
21722,1625
21726,1639
21730,1742
21734,1755
21738,1692
21742,1665
21746,1719
21750,1830
21754,1807
21758,1716
21762,1671
21766,1734
21770,1890
21774,1830
21778,1686
21782,1645
21786,1723
21790,1793
21794,1776
21798,1653
21802,1594
21806,1659
21810,1808
21814,1749
21818,1638
21822,1587
21826,1643
21830,1735
21834,1720
21838,1627
21842,1589
21846,1659
21850,1795
21854,1808
21858,1712
21862,1686
21866,1765
21870,1875
21874,1887
21878,1819
21882,1810
21886,1893
21890,2025
21894,2080
21898,1998
21902,1936
21906,1969
21910,2057
21914,2038
21918,1963
21922,1935
21926,1987
21930,2070
21934,2037
21938,1936
21942,1888
21946,1936
21950,2042
21954,2026
21958,1913
21962,1862
21966,1918
21970,2031
21974,2014
21978,1930
21982,1933
21986,2009
21990,2096
21994,2029
21998,1859
22002,1808
22006,1878
22010,2015
22014,2081
22018,1978
22022,1859
22026,1882
22030,1968
22034,1978
22038,1906
22042,1935
22046,2005
22050,2094
22054,2070
22058,1971
22062,1920
22066,1985
22070,2043
22074,1981
22078,1856
22082,1821
22086,1911
22090,2022
22094,2037
22098,1931
22102,1872
22106,1936
22110,2031
22114,2016
22118,1915
22122,1872
22126,1978
22130,2063
22134,2021
22138,1940
22142,1936
22146,2018
22150,2112
22154,2115
22158,2039
22162,2001
22166,2064
22170,2159
22174,2171
22178,2103
22182,2034
22186,2095
22190,2193
22194,2226
22198,2209
22202,2227
22206,2301
22210,2368
22214,2304
22218,2145
22222,2038
22226,2000
22230,2021
22234,1964
22238,1828
22242,1760
22246,1793
22250,1881
22254,1855
22258,1746
22262,1714
22266,1755
22270,1823
22274,1795
22278,1694
22282,1665
22286,1737
22290,1808
22294,1776
22298,1677
22302,1648
22306,1719
22310,1802
22314,1718
22318,1480
22322,1296
22326,1242
22330,1210
22334,1125
22338,1398
22342,2198
22346,3341
22350,4095
22354,4095
22358,4095
22362,3222
22366,2597
22370,2239
22374,1946
22378,1616
22382,1462
22386,1557
22390,1682
22394,1665
22398,1535
22402,1518
22406,1584
22410,1654
22414,1621
22418,1509
22422,1474
22426,1563
22430,1660
22434,1638
22438,1535
22442,1506
22446,1584
22450,1682
22454,1659
22458,1566
22462,1535
22466,1616
22470,1697
22474,1675
22478,1579
22482,1581
22486,1648
22490,1715
22494,1694
22498,1616
22502,1595
22506,1659
22510,1741
22514,1689
22518,1590
22522,1535
22526,1633
22530,1722
22534,1673
22538,1583
22542,1534
22546,1595
22550,1662
22554,1631
22558,1515
22562,1504
22566,1590
22570,1697
22574,1714
22578,1570
22582,1531
22586,1607
22590,1715
22594,1714
22598,1648
22602,1620
22606,1699
22610,1790
22614,1776
22618,1713
22622,1718
22626,1803
22630,1890
22634,1885
22638,1809
22642,1791
22646,1850
22650,1941
22654,1931
22658,1840
22662,1830
22666,1862
22670,1894
22674,1879
22678,1808
22682,1766
22686,1836
22690,1933
22694,1910
22698,1814
22702,1787
22706,1851
22710,1925
22714,1895
22718,1828
22722,1811
22726,1872
22730,1923
22734,1898
22738,1804
22742,1758
22746,1854
22750,1947
22754,1906
22758,1809
22762,1787
22766,1898
22770,1969
22774,1891
22778,1787
22782,1775
22786,1853
22790,1931
22794,1901
22798,1806
22802,1798
22806,1879
22810,1948
22814,1904
22818,1805
22822,1772
22826,1856
22830,1968
22834,1901
22838,1770
22842,1751
22846,1847
22850,1929
22854,1895
22858,1801
22862,1760
22866,1840
22870,1985
22874,1979
22878,1920
22882,1936
22886,2005
22890,2064
22894,2023
22898,1983
22902,2047
22906,2190
22910,2302
22914,2267
22918,2144
22922,2081
22926,2089
22930,2070
22934,1955
22938,1793
22942,1742
22946,1794
22950,1860
22954,1822
22958,1714
22962,1684
22966,1761
22970,1813
22974,1773
22978,1667
22982,1678
22986,1757
22990,1813
22994,1760
22998,1658
23002,1651
23006,1728
23010,1813
23014,1810
23018,1659
23022,1486
23026,1418
23030,1367
23034,1223
23038,1119
23042,1567
23046,2423
23050,3459
23054,4095
23058,4095
23062,3967
23066,3088
23070,2438
23074,1995
23078,1699
23082,1562
23086,1629
23090,1714
23094,1681
23098,1566
23102,1522
23106,1591
23110,1648
23114,1600
23118,1500
23122,1501
23126,1600
23130,1650
23134,1601
23138,1521
23142,1531
23146,1622
23150,1701
23154,1668
23158,1599
23162,1601
23166,1681
23170,1715
23174,1654
23178,1563
23182,1560
23186,1648
23190,1707
23194,1666
23198,1570
23202,1577
23206,1679
23210,1738
23214,1675
23218,1574
23222,1584
23226,1671
23230,1728
23234,1671
23238,1568
23242,1569
23246,1648
23250,1695
23254,1633
23258,1530
23262,1525
23266,1616
23270,1678
23274,1622
23278,1517
23282,1520
23286,1625
23290,1659
23294,1587
23298,1490
23302,1557
23306,1712
23310,1766
23314,1681
23318,1567
23322,1591
23326,1782
23330,1881
23334,1795
23338,1665
23342,1654
23346,1777
23350,1865
23354,1808
23358,1706
23362,1728
23366,1842
23370,1916
23374,1906
23378,1839
23382,1842
23386,1925
23390,1969
23394,1928
23398,1868
23402,1895
23406,1991
23410,2019
23414,1939
23418,1840
23422,1851
23426,1955
23430,2003
23434,1934
23438,1823
23442,1847
23446,1961
23450,2002
23454,1934
23458,1840
23462,1856
23466,1930
23470,1951
23474,1889
23478,1808
23482,1829
23486,1920
23490,1933
23494,1851
23498,1741
23502,1751
23506,1855
23510,1905
23514,1845
23518,1744
23522,1766
23526,1890
23530,1967
23534,1915
23538,1804
23542,1812
23546,1920
23550,1978
23554,1923
23558,1826
23562,1797
23566,1889
23570,1949
23574,1942
23578,1853
23582,1870
23586,1983
23590,2037
23594,1974
23598,1887
23602,1971
23606,2166
23610,2286
23614,2277
23618,2172
23622,2157
23626,2234
23630,2234
23634,2064
23638,1882
23642,1851
23646,1935
23650,1932
23654,1835
23658,1729
23662,1746
23666,1850
23670,1882
23674,1771
23678,1654
23682,1700
23686,1824
23690,1829
23694,1756
23698,1686
23702,1703
23706,1799
23710,1834
23714,1758
23718,1632
23722,1570
23726,1566
23730,1486
23734,1351
23738,1225
23742,1323
23746,1911
23750,2670
23754,3582
23758,4095
23762,4095
23766,3625
23770,2803
23774,2109
23778,1712
23782,1650
23786,1686
23790,1678
23794,1626
23798,1572
23802,1570
23806,1683
23810,1685
23814,1584
23818,1487
23822,1521
23826,1648
23830,1665
23834,1600
23838,1513
23842,1535
23846,1680
23850,1729
23854,1655
23858,1579
23862,1591
23866,1711
23870,1744
23874,1681
23878,1579
23882,1600
23886,1696
23890,1745
23894,1686
23898,1613
23902,1641
23906,1744
23910,1761
23914,1667
23918,1578
23922,1617
23926,1725
23930,1756
23934,1670
23938,1586
23942,1633
23946,1744
23950,1763
23954,1669
23958,1577
23962,1601
23966,1731
23970,1762
23974,1677
23978,1600
23982,1638
23986,1754
23990,1787
23994,1693
23998,1607
24002,1655
24006,1814
24010,1855
24014,1773
24018,1691
24022,1750
24026,1904
24030,1931
24034,1837
24038,1745
24042,1791
24046,1913
24050,1936
24054,1849
24058,1751
24062,1775
24066,1894
24070,1904
24074,1835
24078,1750
24082,1782
24086,1906
24090,1937
24094,1841
24098,1750
24102,1790
24106,1918
24110,1935
24114,1840
24118,1751
24122,1787
24126,1913
24130,1934
24134,1843
24138,1755
24142,1793
24146,1917
24150,1931
24154,1840
24158,1745
24162,1788
24166,1909
24170,1922
24174,1839
24178,1744
24182,1769
24186,1883
24190,1903
24194,1817
24198,1730
24202,1765
24206,1887
24210,1890
24214,1795
24218,1734
24222,1793
24226,1904
24230,1947
24234,1875
24238,1771
24242,1796
24246,1915
24250,1932
24254,1842
24258,1773
24262,1815
24266,1929
24270,1937
24274,1891
24278,1872
24282,1945
24286,2095
24290,2127
24294,2029
24298,1936
24302,2004
24306,2196
24310,2270
24314,2257
24318,2191
24322,2213
24326,2247
24330,2187
24334,2016
24338,1881
24342,1857
24346,1925
24350,1891
24354,1777
24358,1674
24362,1701
24366,1809
24370,1813
24374,1712
24378,1617
24382,1658
24386,1773
24390,1761
24394,1664
24398,1595
24402,1633
24406,1747
24410,1744
24414,1667
24418,1588
24422,1576
24426,1584
24430,1472
24434,1299
24438,1193
24442,1286
24446,1903
24450,2651
24454,3427
24458,4095
24462,4095
24466,4095
24470,3310
24474,2271
24478,1657
24482,1499
24486,1607
24490,1693
24494,1661
24498,1585
24502,1593
24506,1674
24510,1649
24514,1525
24518,1447
24522,1487
24526,1616
24530,1620
24534,1525
24538,1464
24542,1520
24546,1643
24550,1649
24554,1535
24558,1470
24562,1522
24566,1653
24570,1633
24574,1552
24578,1495
24582,1535
24586,1661
24590,1667
24594,1568
24598,1483
24602,1535
24606,1697
24610,1709
24614,1599
24618,1520
24622,1584
24626,1701
24630,1697
24634,1602
24638,1535
24642,1610
24646,1713
24650,1703
24654,1605
24658,1555
24662,1625
24666,1744
24670,1714
24674,1604
24678,1535
24682,1599
24686,1744
24690,1748
24694,1626
24698,1587
24702,1666
24706,1809
24710,1810
24714,1725
24718,1702
24722,1779
24726,1902
24730,1904
24734,1817
24738,1783
24742,1856
24746,1977
24750,1954
24754,1834
24758,1777
24762,1840
24766,1958
24770,1935
24774,1825
24778,1762
24782,1810
24786,1919
24790,1904
24794,1798
24798,1762
24802,1819
24806,1942
24810,1937
24814,1823
24818,1762
24822,1817
24826,1946
24830,1936
24834,1841
24838,1788
24842,1841
24846,1955
24850,1933
24854,1835
24858,1782
24862,1840
24866,1950
24870,1946
24874,1842
24878,1797
24882,1855
24886,1962
24890,1933
24894,1817
24898,1776
24902,1847
24906,1963
24910,1927
24914,1811
24918,1791
24922,1850
24926,1937
24930,1907
24934,1807
24938,1775
24942,1849
24946,1933
24950,1918
24954,1818
24958,1762
24962,1834
24966,1936
24970,1910
24974,1792
24978,1762
24982,1830
24986,1953
24990,1965
24994,1904
24998,1890
25002,1990
25006,2127
25010,2106
25014,1995
25018,1995
25022,2123
25026,2270
25030,2284
25034,2175
25038,2115
25042,2134
25046,2181
25050,2080
25054,1896
25058,1786
25062,1808
25066,1866
25070,1802
25074,1679
25078,1645
25082,1712
25086,1812
25090,1775
25094,1653
25098,1621
25102,1702
25106,1804
25110,1774
25114,1653
25118,1621
25122,1694
25126,1799
25130,1770
25134,1646
25138,1535
25142,1497
25146,1472
25150,1385
25154,1255
25158,1397
25162,2110
25166,3001
25170,4095
25174,4095
25178,4095
25182,4095
25186,3083
25190,2202
25194,1664
25198,1471
25202,1575
25206,1766
25210,1754
25214,1615
25218,1527
25222,1590
25226,1681
25230,1637
25234,1517
25238,1485
25242,1569
25246,1671
25250,1635
25254,1524
25258,1490
25262,1574
25266,1691
25270,1667
25274,1535
25278,1516
25282,1601
25286,1712
25290,1671
25294,1583
25298,1568
25302,1651
25306,1763
25310,1728
25314,1615
25318,1586
25322,1680
25326,1770
25330,1731
25334,1616
25338,1606
25342,1690
25346,1776
25350,1735
25354,1626
25358,1590
25362,1670
25366,1757
25370,1706
25374,1595
25378,1577
25382,1659
25386,1757
25390,1713
25394,1600
25398,1578
25402,1674
25406,1773
25410,1738
25414,1647
25418,1648
25422,1760
25426,1863
25430,1850
25434,1748
25438,1754
25442,1855
25446,1970
25450,1955
25454,1843
25458,1821
25462,1915
25466,2015
25470,1974
25474,1869
25478,1851
25482,1935
25486,2032
25490,1982
25494,1856
25498,1835
25502,1930
25506,2007
25510,1975
25514,1858
25518,1850
25522,1947
25526,2034
25530,1983
25534,1862
25538,1846
25542,1943
25546,2032
25550,1997
25554,1872
25558,1838
25562,1930
25566,2023
25570,1970
25574,1860
25578,1846
25582,1942
25586,2027
25590,1958
25594,1955
25598,2101
25602,2277
25606,2352
25610,2238
25614,1995
25618,1899
25622,1959
25626,2032
25630,1989
25634,1875
25638,1846
25642,1929
25646,2000
25650,1953
25654,1840
25658,1825
25662,1915
25666,1998
25670,1951
25674,1840
25678,1833
25682,1919
25686,2001
25690,1977
25694,1904
25698,1931
25702,2063
25706,2157
25710,2103
25714,1985
25718,2033
25722,2196
25726,2314
25730,2305
25734,2204
25738,2181
25742,2234
25746,2242
25750,2098
25754,1909
25758,1846
25762,1882
25766,1918
25770,1839
25774,1724
25778,1715
25782,1815
25786,1875
25790,1811
25794,1689
25798,1678
25802,1775
25806,1846
25810,1793
25814,1677
25818,1682
25822,1797
25826,1857
25830,1795
25834,1669
25838,1609
25842,1597
25846,1520
25850,1387
25854,1232
25858,1350
25862,2033
25866,2890
25870,3915
25874,4095
25878,4095
25882,4095
25886,3071
25890,2228
25894,1706
25898,1532
25902,1641
25906,1782
25910,1745
25914,1616
25918,1584
25922,1663
25926,1707
25930,1636
25934,1520
25938,1527
25942,1641
25946,1702
25950,1644
25954,1528
25958,1532
25962,1657
25966,1897
25970,2067
25974,2082
25978,2075
25982,2093
25986,2055
25990,1878
25994,1664
25998,1643
26002,1754
26006,1855
26010,1849
26014,1781
26018,1806
26022,1939
26026,2016
26030,1971
26034,1882
26038,1883
26042,1941
26046,1970
26050,1899
26054,1771
26058,1748
26062,1840
26066,1881
26070,1820
26074,1724
26078,1728
26082,1811
26086,1856
26090,1805
26094,1715
26098,1712
26102,1794
26106,1855
26110,1830
26114,1755
26118,1756
26122,1850
26126,1929
26130,1906
26134,1855
26138,1862
26142,1949
26146,2016
26150,1989
26154,1903
26158,1904
26162,2000
26166,2062
26170,2004
26174,1913
26178,1915
26182,2006
26186,2062
26190,2001
26194,1907
26198,1916
26202,2000
26206,2057
26210,1997
26214,1904
26218,1916
26222,2000
26226,2045
26230,1978
26234,1872
26238,1890
26242,1984
26246,2032
26250,1975
26254,1873
26258,1881
26262,1979
26266,2016
26270,1954
26274,1861
26278,1866
26282,1951
26286,1991
26290,1938
26294,1850
26298,1858
26302,1951
26306,2002
26310,1943
26314,1842
26318,1840
26322,1917
26326,1949
26330,1899
26334,1832
26338,1847
26342,1916
26346,1938
26350,1871
26354,1798
26358,1822
26362,1881
26366,1878
26370,1783
26374,1663
26378,1681
26382,1783
26386,1834
26390,1796
26394,1733
26398,1750
26402,1861
26406,1875
26410,1755
26414,1637
26418,1641
26422,1751
26426,1803
26430,1741
26434,1643
26438,1648
26442,1773
26446,1851
26450,1813
26454,1752
26458,1813
26462,1935
26466,1963
26470,1885
26474,1791
26478,1872
26482,2062
26486,2141
26490,2095
26494,1981
26498,1969
26502,2028
26506,1998
26510,1840
26514,1682
26518,1686
26522,1791
26526,1799
26530,1705
26534,1607
26538,1639
26542,1751
26546,1760
26550,1658
26554,1555
26558,1593
26562,1712
26566,1733
26570,1647
26574,1535
26578,1598
26582,1727
26586,1735
26590,1627
26594,1519
26598,1483
26602,1471
26606,1367
26610,1203
26614,1082
26618,1215
26622,1834
26626,2613
26630,3505
26634,4095
26638,4095
26642,3498
26646,2695
26650,2017
26654,1659
26658,1595
26662,1649
26666,1627
26670,1557
26674,1485
26678,1520
26682,1622
26686,1618
26690,1511
26694,1427
26698,1485
26702,1633
26706,1642
26710,1534
26714,1444
26718,1487
26722,1627
26726,1648
26730,1559
26734,1477
26738,1526
26742,1659
26746,1667
26750,1584
26754,1504
26758,1535
26762,1669
26766,1669
26770,1573
26774,1479
26778,1519
26782,1648
26786,1680
26790,1595
26794,1489
26798,1526
26802,1666
26806,1702
26810,1597
26814,1501
26818,1535
26822,1694
26826,1687
26830,1594
26834,1520
26838,1563
26842,1680
26846,1706
26850,1627
26854,1562
26858,1609
26862,1722
26866,1734
26870,1659
26874,1600
26878,1663
26882,1792
26886,1802
26890,1715
26894,1670
26898,1755
26902,1904
26906,1916
26910,1831
26914,1776
26918,1827
26922,1958
26926,1952
26930,1839
26934,1760
26938,1808
26942,1925
26946,1937
26950,1845
26954,1785
26958,1833
26962,1941
26966,1939
26970,1841
26974,1802
26978,1914
26982,2081
26986,2081
26990,1936
26994,1777
26998,1779
27002,1893
27006,1967
27010,1936
27014,1902
27018,1945
27022,2054
27026,2042
27030,1942
27034,1872
27038,1907
27042,2009
27046,2005
27050,1914
27054,1853
27058,1917
27062,1968
27066,1929
27070,1758
27074,1697
27078,1767
27082,1895
27086,1885
27090,1776
27094,1712
27098,1776
27102,1910
27106,1872
27110,1772
27114,1717
27118,1776
27122,1883
27126,1859
27130,1747
27134,1711
27138,1776
27142,1887
27146,1861
27150,1751
27154,1703
27158,1765
27162,1879
27166,1876
27170,1805
27174,1807
27178,1918
27182,2067
27186,2033
27190,1903
27194,1863
27198,1987
27202,2176
27206,2222
27210,2154
27214,2116
27218,2149
27222,2211
27226,2128
27230,1937
27234,1823
27238,1850
27242,1927
27246,1860
27250,1696
27254,1626
27258,1706
27262,1813
27266,1779
27270,1659
27274,1615
27278,1687
27282,1799
27286,1771
27290,1661
27294,1614
27298,1681
27302,1792
27306,1753
27310,1639
27314,1603
27318,1650
27322,1678
27326,1503
27330,1287
27334,1193
27338,1249
27342,1645
27346,2241
27350,2941
27354,4081
27358,4095
27362,4095
27366,3261
27370,2366
27374,1839
27378,1732
27382,1764
27386,1691
27390,1584
27394,1584
27398,1658
27402,1744
27406,1679
27410,1535
27414,1494
27418,1583
27422,1699
27426,1684
27430,1581
27434,1527
27438,1597
27442,1691
27446,1669
27450,1573
27454,1535
27458,1633
27462,1744
27466,1715
27470,1603
27474,1584
27478,1661
27482,1761
27486,1716
27490,1600
27494,1584
27498,1687
27502,1802
27506,1751
27510,1618
27514,1596
27518,1692
27522,1797
27526,1773
27530,1674
27534,1664
27538,1735
27542,1792
27546,1741
27550,1621
27554,1613
27558,1709
27562,1811
27566,1766
27570,1641
27574,1633
27578,1739
27582,1840
27586,1807
27590,1703
27594,1693
27598,1792
27602,1907
27606,1883
27610,1776
27614,1776
27618,1883
27622,1984
27626,1951
27630,1850
27634,1831
27638,1937
27642,2064
27646,1995
27650,1858
27654,1835
27658,1935
27662,2021
27666,1966
27670,1839
27674,1826
27678,1917
27682,1997
27686,1939
27690,1815
27694,1808
27698,1908
27702,1999
27706,1933
27710,1819
27714,1803
27718,1891
27722,1967
27726,1910
27730,1792
27734,1781
27738,1878
27742,1968
27746,1913
27750,1778
27754,1777
27758,1891
27762,1947
27766,1885
27770,1760
27774,1746
27778,1851
27782,1947
27786,1903
27790,1765
27794,1755
27798,1872
27802,1961
27806,1904
27810,1789
27814,1777
27818,1886
27822,1957
27826,1885
27830,1770
27834,1765
27838,1887
27842,1970
27846,1905
27850,1802
27854,1787
27858,1879
27862,1964
27866,1894
27870,1766
27874,1775
27878,1887
27882,1948
27886,1904
27890,1795
27894,1783
27898,1883
27902,1973
27906,1933
27910,1808
27914,1789
27918,1893
27922,1971
27926,1919
27930,1808
27934,1806
27938,1922
27942,1968
27946,1893
27950,1808
27954,1875
27958,2040
27962,2146
27966,2089
27970,1949
27974,1935
27978,2081
27982,2213
27986,2222
27990,2155
27994,2159
27998,2235
28002,2257
28006,2131
28010,1924
28014,1836
28018,1894
28022,1904
28026,1769
28030,1623
28034,1643
28038,1771
28042,1825
28046,1781
28050,1701
28054,1673
28058,1739
28062,1803
28066,1744
28070,1630
28074,1658
28078,1751
28082,1774
28086,1691
28090,1597
28094,1613
28098,1694
28102,1627
28106,1423
28110,1259
28114,1245
28118,1433
28122,2007
28126,2707
28130,3565
28134,4095
28138,4095
28142,4095
28146,3389
28150,2231
28154,1600
28158,1465
28162,1535
28166,1601
28170,1535
28174,1569
28178,1645
28182,1659
28186,1566
28190,1427
28194,1449
28198,1559
28202,1601
28206,1535
28210,1436
28214,1447
28218,1556
28222,1617
28226,1553
28230,1429
28234,1456
28238,1590
28242,1639
28246,1572
28250,1460
28254,1495
28258,1617
28262,1648
28266,1585
28270,1504
28274,1515
28278,1631
28282,1675
28286,1616
28290,1521
28294,1535
28298,1673
28302,1723
28306,1651
28310,1533
28314,1571
28318,1694
28322,1737
28326,1642
28330,1557
28334,1588
28338,1693
28342,1734
28346,1655
28350,1535
28354,1581
28358,1715
28362,1769
28366,1681
28370,1577
28374,1615
28378,1748
28382,1795
28386,1735
28390,1671
28394,1729
28398,1859
28402,1904
28406,1846
28410,1773
28414,1808
28418,1929
28422,1962
28426,1873
28430,1774
28434,1812
28438,1930
28442,1942
28446,1862
28450,1767
28454,1781
28458,1905
28462,1940
28466,1847
28470,1746
28474,1789
28478,1919
28482,1926
28486,1833
28490,1751
28494,1787
28498,1897
28502,1919
28506,1843
28510,1750
28514,1795
28518,1921
28522,1947
28526,1863
28530,1771
28534,1799
28538,1915
28542,1946
28546,1856
28550,1762
28554,1803
28558,1926
28562,1955
28566,1877
28570,1793
28574,1823
28578,1936
28582,1938
28586,1842
28590,1761
28594,1810
28598,1941
28602,1958
28606,1861
28610,1771
28614,1805
28618,1929
28622,1940
28626,1840
28630,1760
28634,1805
28638,1936
28642,1949
28646,1853
28650,1758
28654,1799
28658,1919
28662,1920
28666,1819
28670,1744
28674,1794
28678,1930
28682,1938
28686,1830
28690,1749
28694,1819
28698,1994
28702,2047
28706,1982
28710,1921
28714,1979
28718,2112
28722,2128
28726,2098
28730,2080
28734,2160
28738,2338
28742,2337
28746,2219
28750,2096
28754,2068
28758,2118
28762,2033
28766,1884
28770,1754
28774,1770
28778,1873
28782,1871
28786,1775
28790,1707
28794,1741
28798,1859
28802,1850
28806,1739
28810,1665
28814,1713
28818,1852
28822,1835
28826,1718
28830,1670
28834,1693
28838,1805
28842,1795
28846,1613
28850,1425
28854,1381
28858,1478
28862,1463
28866,1535
28870,2109
28874,2960
28878,4095
28882,4095
28886,4095
28890,4095
28894,3056
28898,2231
28902,1738
28906,1456
28910,1449
28914,1642
28918,1821
28922,1779
28926,1644
28930,1563
28934,1585
28938,1697
28942,1677
28946,1535
28950,1478
28954,1535
28958,1675
28962,1672
28966,1583
28970,1491
28974,1554
28978,1671
28982,1657
28986,1566
28990,1518
28994,1583
28998,1699
29002,1693
29006,1591
29010,1527
29014,1600
29018,1728
29022,1712
29026,1601
29030,1535
29034,1623
29038,1760
29042,1747
29046,1623
29050,1563
29054,1629
29058,1745
29062,1725
29066,1602
29070,1533
29074,1613
29078,1727
29082,1712
29086,1606
29090,1535
29094,1598
29098,1721
29102,1703
29106,1604
29110,1559
29114,1621
29118,1739
29122,1733
29126,1634
29130,1600
29134,1689
29138,1826
29142,1834
29146,1750
29150,1730
29154,1824
29158,1949
29162,1925
29166,1815
29170,1774
29174,1842
29178,1955
29182,1927
29186,1832
29190,1780
29194,1846
29198,1952
29202,1925
29206,1802
29210,1754
29214,1824
29218,1951
29222,1933
29226,1813
29230,1791
29234,1860
29238,1937
29242,1918
29246,1812
29250,1760
29254,1814
29258,1936
29262,1917
29266,1820
29270,1789
29274,1846
29278,1968
29282,1943
29286,1822
29290,1776
29294,1861
29298,1959
29302,1914
29306,1807
29310,1762
29314,1840
29318,1954
29322,1926
29326,1808
29330,1777
29334,1856
29338,1977
29342,1922
29346,1794
29350,1764
29354,1846
29358,1955
29362,1922
29366,1787
29370,1743
29374,1824
29378,1936
29382,1909
29386,1802
29390,1772
29394,1847
29398,1945
29402,1904
29406,1777
29410,1767
29414,1863
29418,1940
29422,1897
29426,1776
29430,1749
29434,1850
29438,1952
29442,1902
29446,1772
29450,1744
29454,1846
29458,1948
29462,1904
29466,1781
29470,1761
29474,1856
29478,1958
29482,1907
29486,1783
29490,1763
29494,1851
29498,1963
29502,1963
29506,1900
29510,1925
29514,2032
29518,2117
29522,2061
29526,1952
29530,2005
29534,2176
29538,2296
29542,2243
29546,2096
29550,2032
29554,2097
29558,2130
29562,2023
29566,1863
29570,1799
29574,1865
29578,1931
29582,1867
29586,1739
29590,1734
29594,1815
29598,1868
29602,1809
29606,1676
29610,1656
29614,1751
29618,1831
29622,1789
29626,1679
29630,1669
29634,1760
29638,1854
29642,1805
29646,1642
29650,1515
29654,1482
29658,1474
29662,1394
29666,1281
29670,1718
29674,2559
29678,3654
29682,4095
29686,4095
29690,4095
29694,3789
29698,2743
29702,2005
29706,1588
29710,1497
29714,1675
29718,1835
29722,1776
29726,1632
29730,1590
29734,1655
29738,1714
29742,1648
29746,1530
29750,1519
29754,1620
29758,1684
29762,1645
29766,1520
29770,1526
29774,1650
29778,1721
29782,1648
29786,1535
29790,1535
29794,1663
29798,1727
29802,1664
29806,1535
29810,1535
29814,1664
29818,1746
29822,1699
29826,1585
29830,1591
29834,1687
29838,1747
29842,1693
29846,1598
29850,1622
29854,1797
29858,1938
29862,1841
29866,1637
29870,1595
29874,1695
29878,1744
29882,1659
29886,1521
29890,1523
29894,1645
29898,1708
29902,1648
29906,1535
29910,1552
29914,1655
29918,1728
29922,1669
29926,1569
29930,1594
29934,1721
29938,1789
29942,1732
29946,1642
29950,1693
29954,1842
29958,1936
29962,1879
29966,1776
29970,1781
29974,1907
29978,1969
29982,1899
29986,1790
29990,1815
29994,1922
29998,1971
30002,1905
30006,1790
30010,1808
