record,n_samples,duration_min,n_contractions,n_truncated,dataloss_0,dataloss_1,dataloss_2,excluded,exclusion_reason
1001,14400,60.0,23,1,0.7916666666666666,15.291666666666666,24.083333333333332,False,
1002,19200,80.0,33,0,2.253086419753086,15.95679012345679,33.34935897435897,False,
1003,18000,75.0,15,0,44.03333333333333,0.0,17.4,False,
1004,16800,70.0,21,0,1.0507246376811594,0.0,2.8993055555555554,False,
1005,18000,75.0,11,0,42.916666666666664,4.883333333333334,18.25,False,
1006,16800,70.0,0,0,1.6485507246376812,61.01449275362319,10.9375,True,no_annotation
1007,15600,65.0,11,0,0.20833333333333334,21.893939393939394,44.1468253968254,False,
1008,16800,70.0,6,0,6.322463768115942,8.858695652173912,11.510416666666666,False,
1009,20400,85.0,0,0,12.857142857142858,21.979166666666668,66.46551724137932,True,no_annotation
1010,16800,70.0,0,0,0.0,0.14492753623188406,32.72569444444444,True,no_annotation
1011,15600,65.0,3,0,13.087121212121213,0.20833333333333334,3.3531746031746033,False,
1012,16800,70.0,14,0,26.829710144927535,60.85144927536232,14.20138888888889,False,
1013,18000,75.0,0,0,31.25,7.95,31.583333333333332,True,no_annotation
1014,19200,80.0,29,0,9.058641975308642,9.367283950617283,28.830128205128204,False,
1015,19200,80.0,14,0,51.111111111111114,2.2839506172839505,27.724358974358974,False,
1016,16800,70.0,5,0,38.96739130434783,28.02536231884058,1.0590277777777777,False,
1017,21600,90.0,25,0,1.5416666666666667,4.277777777777778,45.30555555555556,False,
1018,15600,65.0,23,0,25.34090909090909,19.602272727272727,29.404761904761905,False,
1019,16800,70.0,11,0,1.2681159420289856,0.4166666666666667,7.864583333333333,False,
1020,16800,70.0,16,0,0.36231884057971014,0.4891304347826087,2.517361111111111,False,
1021,16800,70.0,0,0,17.554347826086957,5.778985507246377,19.54861111111111,True,no_annotation
1022,15620,65.08333333333333,25,0,5.890151515151516,0.11363636363636363,4.624505928853755,False,
1023,18000,75.0,14,0,21.45,0.35,10.8,False,
1024,15600,65.0,16,0,0.35984848484848486,15.776515151515152,0.1984126984126984,False,
1025,19200,80.0,37,0,23.549382716049383,0.1388888888888889,4.903846153846154,False,
1026,18000,75.0,8,0,54.85,4.533333333333333,30.983333333333334,False,
1027,18000,75.0,3,0,23.65,19.4,13.033333333333333,False,
1028,21600,90.0,6,1,41.56944444444444,0.5138888888888888,1.3472222222222223,False,
1029,16800,70.0,1,0,2.4818840579710146,10.16304347826087,43.177083333333336,False,
1030,16800,70.0,20,0,1.1956521739130435,0.3442028985507246,20.97222222222222,False,
1031,15600,65.0,9,0,1.0795454545454546,0.0,1.9642857142857142,False,
1032,21600,90.0,15,0,9.041666666666666,7.194444444444445,22.569444444444443,False,
1033,15600,65.0,7,0,10.397727272727273,0.7954545454545454,5.138888888888889,False,
1034,19200,80.0,10,0,33.48765432098765,4.691358024691358,17.628205128205128,False,
1035,16800,70.0,20,0,0.0,1.0144927536231885,6.076388888888889,False,
1036,16800,70.0,10,0,0.0,19.818840579710145,10.9375,False,
1037,18000,75.0,26,0,11.416666666666666,3.566666666666667,20.033333333333335,False,
1038,16800,70.0,13,0,22.355072463768117,22.934782608695652,14.54861111111111,False,
1039,16800,70.0,16,0,22.5,4.47463768115942,51.16319444444444,False,
1040,18000,75.0,2,0,30.533333333333335,0.35,11.083333333333334,False,
1041,16800,70.0,15,0,0.32608695652173914,0.7246376811594203,25.711805555555557,False,
1042,18000,75.0,0,0,0.0,0.9,31.35,True,no_annotation
1043,16800,70.0,15,0,50.14492753623188,18.42391304347826,30.833333333333332,False,
1044,20400,85.0,0,0,2.306547619047619,34.851190476190474,60.27298850574713,True,no_annotation
1045,15600,65.0,0,0,0.0,0.0,26.50793650793651,True,no_annotation
1046,19200,80.0,28,0,0.5401234567901234,0.1388888888888889,2.644230769230769,False,
1047,19200,80.0,10,0,5.29320987654321,58.91975308641975,12.131410256410257,False,
1048,18000,75.0,20,0,4.116666666666666,11.716666666666667,14.45,False,
1049,15600,65.0,19,0,3.768939393939394,15.037878787878787,48.492063492063494,False,
1050,20400,85.0,2,0,45.92261904761905,0.34226190476190477,10.445402298850574,False,
1051,19200,80.0,21,0,10.308641975308642,25.27777777777778,49.455128205128204,False,
1052,16800,70.0,1,0,47.82608695652174,16.231884057971016,27.01388888888889,False,
1053,16800,70.0,18,0,0.3079710144927536,18.242753623188406,26.788194444444443,False,
1054,21600,90.0,23,0,10.416666666666666,12.36111111111111,56.708333333333336,False,
1055,16800,70.0,32,0,1.8115942028985508,0.0,3.59375,False,
1056,16800,70.0,11,0,9.891304347826088,11.829710144927537,41.47569444444444,False,
1057,18600,77.5,1,0,4.935897435897436,18.669871794871796,70.359477124183,False,
1058,21600,90.0,8,0,14.98611111111111,47.59722222222222,92.36111111111111,False,
1059,20400,85.0,9,0,12.038690476190476,19.732142857142858,42.083333333333336,False,
1060,15600,65.0,8,0,57.40530303030303,10.965909090909092,26.13095238095238,False,
1061,18000,75.0,0,0,0.6166666666666667,3.6166666666666667,45.46666666666667,True,no_annotation
1062,16800,70.0,32,0,1.7028985507246377,12.69927536231884,44.704861111111114,False,
1063,19200,80.0,21,0,16.805555555555557,15.37037037037037,41.6025641025641,False,
1064,15600,65.0,9,0,58.541666666666664,25.056818181818183,16.25,False,
1065,19200,80.0,19,0,7.283950617283951,31.728395061728396,32.48397435897436,False,
1066,16800,70.0,16,0,1.25,13.822463768115941,24.010416666666668,False,
1067,21600,90.0,7,0,10.208333333333334,48.388888888888886,19.291666666666668,False,
1068,16623,69.2625,19,0,9.83695652173913,8.315217391304348,47.32222819272793,False,
1069,15600,65.0,0,0,1.5151515151515151,0.11363636363636363,5.734126984126984,True,no_annotation
1070,18000,75.0,7,0,30.9,0.26666666666666666,12.383333333333333,False,
1071,21600,90.0,14,0,70.58333333333333,6.916666666666667,35.84722222222222,False,
1072,18000,75.0,12,0,5.016666666666667,41.96666666666667,56.31666666666667,False,
1073,21600,90.0,4,0,28.86111111111111,45.583333333333336,58.27777777777778,False,
1074,16800,70.0,13,0,1.0144927536231885,7.898550724637682,2.1180555555555554,False,
1075,20400,85.0,19,0,29.49404761904762,29.598214285714285,19.64080459770115,False,
1076,15600,65.0,0,0,56.13636363636363,9.905303030303031,33.432539682539684,True,no_annotation
1077,16952,70.63333333333334,13,0,5.3125,1.6319444444444444,55.98306332842415,False,
1078,19200,80.0,33,0,0.37037037037037035,0.09259259259259259,16.762820512820515,False,
1079,18000,75.0,12,0,2.0833333333333335,42.916666666666664,27.233333333333334,False,
1080,16800,70.0,8,0,40.2536231884058,18.55072463768116,29.84375,False,
1081,16800,70.0,1,0,0.3442028985507246,0.0,7.8125,False,
1082,20400,85.0,8,0,44.895833333333336,38.30357142857143,21.49425287356322,False,
1083,16800,70.0,14,0,38.242753623188406,21.956521739130434,28.24652777777778,False,
1084,16800,70.0,8,0,33.91304347826087,1.0507246376811594,7.013888888888889,False,
1085,20400,85.0,15,0,0.0,0.13392857142857142,8.879310344827585,False,
1086,15600,65.0,9,0,22.78409090909091,21.401515151515152,15.376984126984127,False,
1087,19200,80.0,0,0,27.885802469135804,38.24074074074074,52.83653846153846,True,no_annotation
1088,21600,90.0,28,0,2.875,8.527777777777779,38.25,False,
1089,16800,70.0,10,0,14.257246376811594,23.641304347826086,29.166666666666668,False,
1090,16800,70.0,17,0,10.19927536231884,2.13768115942029,32.11805555555556,False,
1091,15600,65.0,0,0,14.526515151515152,28.939393939393938,38.333333333333336,True,no_annotation
1092,16800,70.0,15,0,32.35507246376812,0.0,6.388888888888889,False,
1093,15600,65.0,9,1,0.0,59.98106060606061,1.2896825396825398,False,
1094,21600,90.0,6,0,16.65277777777778,8.63888888888889,23.805555555555557,False,
1095,16800,70.0,0,0,0.0,42.6268115942029,0.5555555555555556,True,no_annotation
1096,19200,80.0,16,0,40.833333333333336,11.604938271604938,31.314102564102566,False,
1097,16800,70.0,2,0,0.0,0.0,4.166666666666667,False,
1098,19200,80.0,20,0,51.55864197530864,0.07716049382716049,1.1538461538461537,False,
1099,18000,75.0,12,0,25.016666666666666,1.8833333333333333,28.383333333333333,False,
1100,18000,75.0,13,0,2.9,6.333333333333333,28.45,False,
1101,15600,65.0,14,0,26.950757575757574,0.13257575757575757,5.9523809523809526,False,
1102,15620,65.08333333333333,12,0,14.431818181818182,21.439393939393938,0.09881422924901186,False,
1103,15600,65.0,22,0,5.549242424242424,0.0,0.0,False,
1104,18000,75.0,0,0,5.316666666666666,5.266666666666667,15.416666666666666,True,no_annotation
1105,19200,80.0,0,0,46.25,20.169753086419753,15.16025641025641,True,no_annotation
1106,16800,70.0,0,0,0.5978260869565217,12.409420289855072,21.70138888888889,True,no_annotation
1107,16800,70.0,21,0,6.304347826086956,30.579710144927535,33.87152777777778,False,
1108,20400,85.0,14,0,95.19345238095238,1.5625,17.5,False,
1109,16800,70.0,20,0,14.583333333333334,0.0,0.5381944444444444,False,
1110,16800,70.0,33,0,0.2717391304347826,0.14492753623188406,9.479166666666666,False,
1111,18000,75.0,15,0,0.4166666666666667,0.0,0.13333333333333333,False,
1112,16800,70.0,18,0,17.717391304347824,9.384057971014492,6.788194444444445,False,
1113,18000,75.0,18,0,25.1,4.066666666666666,10.016666666666667,False,
1114,15600,65.0,10,0,0.0,0.5113636363636364,13.78968253968254,False,
1115,16800,70.0,18,0,0.0,1.5217391304347827,10.190972222222221,False,
1116,19200,80.0,8,0,6.54320987654321,7.052469135802469,17.33974358974359,False,
1117,21600,90.0,21,0,27.61111111111111,7.25,24.430555555555557,False,
1118,16800,70.0,6,0,26.757246376811594,9.021739130434783,11.57986111111111,False,
1119,15600,65.0,0,0,54.753787878787875,9.753787878787879,27.103174603174605,True,no_annotation
1120,16800,70.0,11,0,19.07608695652174,17.22826086956522,36.80555555555556,False,
1121,20400,85.0,9,0,20.0,40.23809523809524,44.88505747126437,False,
1122,20400,85.0,12,0,16.636904761904763,12.023809523809524,31.020114942528735,False,
1123,19200,80.0,15,0,12.63888888888889,0.9876543209876543,8.926282051282051,False,
1124,21600,90.0,16,0,44.5,6.041666666666667,13.069444444444445,False,
1125,18000,75.0,7,0,3.066666666666667,30.416666666666668,40.68333333333333,False,
1126,21600,90.0,0,0,1.9027777777777777,1.3472222222222223,17.875,True,no_annotation
1127,16800,70.0,19,0,0.7789855072463768,0.0,2.4305555555555554,False,
1128,18000,75.0,4,0,10.433333333333334,6.366666666666666,31.316666666666666,False,
1129,16820,70.08333333333333,5,0,11.467391304347826,0.5978260869565217,0.9342560553633218,False,
1130,21600,90.0,0,0,33.69444444444444,25.13888888888889,16.51388888888889,True,no_annotation
1131,16800,70.0,10,0,62.68115942028985,8.115942028985508,34.375,False,
1132,16800,70.0,11,0,27.21014492753623,25.815217391304348,16.180555555555557,False,
1133,16800,70.0,5,0,3.2065217391304346,10.344202898550725,34.75694444444444,False,
1134,16800,70.0,4,0,39.78260869565217,48.04347826086956,14.583333333333334,False,
1135,18000,75.0,15,0,5.033333333333333,31.583333333333332,25.1,False,
1136,15600,65.0,28,0,4.90530303030303,7.0643939393939394,24.285714285714285,False,
1137,19200,80.0,16,0,42.96296296296296,15.277777777777779,77.19551282051282,False,
1138,18000,75.0,1,0,7.35,4.333333333333333,36.416666666666664,False,
1139,16800,70.0,25,0,35.1268115942029,1.3224637681159421,1.40625,False,
1140,20400,85.0,25,0,4.494047619047619,2.0982142857142856,51.46551724137931,False,
1141,18000,75.0,2,0,1.0166666666666666,6.25,31.75,False,
1142,16800,70.0,2,0,18.152173913043477,24.547101449275363,11.024305555555555,False,
1143,20400,85.0,23,0,7.023809523809524,4.583333333333333,23.49137931034483,False,
1144,20400,85.0,11,0,41.19047619047619,27.842261904761905,26.278735632183906,False,
1145,16800,70.0,0,0,11.503623188405797,14.184782608695652,35.53819444444444,True,no_annotation
1146,18000,75.0,11,0,54.083333333333336,0.21666666666666667,21.85,False,
1147,18000,75.0,0,0,10.766666666666667,11.816666666666666,24.716666666666665,True,no_annotation
1148,20400,85.0,2,0,13.303571428571429,6.785714285714286,58.87931034482759,False,
1149,16800,70.0,0,0,0.0,4.7101449275362315,6.788194444444445,True,no_annotation
1150,16800,70.0,5,0,0.0,9.583333333333334,31.145833333333332,False,
1151,15600,65.0,0,0,48.390151515151516,11.401515151515152,29.543650793650794,True,no_annotation
1152,19200,80.0,33,0,16.296296296296298,11.75925925925926,13.685897435897436,False,
1153,16800,70.0,22,0,8.931159420289855,0.8152173913043478,3.9583333333333335,False,
1154,20400,85.0,31,0,0.9226190476190477,2.0386904761904763,23.275862068965516,False,
1155,16800,70.0,0,0,0.18115942028985507,0.0,1.6319444444444444,True,no_annotation
1156,21600,90.0,25,0,22.01388888888889,15.444444444444445,49.52777777777778,False,
1157,16800,70.0,0,0,1.1956521739130435,1.9384057971014492,23.333333333333332,True,no_annotation
1158,20400,85.0,0,0,36.63690476190476,11.93452380952381,51.479885057471265,True,no_annotation
1159,18000,75.0,13,0,0.13333333333333333,0.95,4.15,False,
1160,18000,75.0,15,0,42.61666666666667,32.13333333333333,29.0,False,
1161,15600,65.0,5,0,1.0795454545454546,7.253787878787879,13.69047619047619,False,
1162,14400,60.0,14,0,0.1875,0.0,3.1875,False,
1163,15600,65.0,16,0,22.424242424242426,6.818181818181818,36.051587301587304,False,
1164,18000,75.0,0,0,50.86666666666667,36.233333333333334,60.15,True,no_annotation
1165,15600,65.0,4,0,43.08712121212121,0.0,10.05952380952381,False,
1166,16800,70.0,28,0,0.10869565217391304,1.7572463768115942,8.784722222222221,False,
1167,16800,70.0,21,1,0.0,0.0,0.7465277777777778,False,
1168,15600,65.0,0,0,0.5681818181818182,0.7765151515151515,0.2976190476190476,True,no_annotation
1169,15600,65.0,8,0,3.446969696969697,4.223484848484849,22.321428571428573,False,
1170,21600,90.0,9,0,0.2222222222222222,0.0,0.0,False,
1171,18000,75.0,13,0,25.8,15.633333333333333,70.95,False,
1172,19200,80.0,27,0,35.632716049382715,0.4166666666666667,15.080128205128204,False,
1173,19200,80.0,7,0,25.030864197530864,49.83024691358025,75.25641025641026,False,
1174,19200,80.0,29,0,16.651234567901234,29.891975308641975,45.22435897435897,False,
1175,16800,70.0,26,0,1.6485507246376812,2.1557971014492754,9.82638888888889,False,
1176,15600,65.0,26,0,0.24621212121212122,1.2121212121212122,6.488095238095238,False,
1177,15600,65.0,0,0,4.375,1.9507575757575757,20.21825396825397,True,no_annotation
1178,15600,65.0,21,0,55.11363636363637,9.015151515151516,11.845238095238095,False,
1179,18000,75.0,24,0,55.31666666666667,0.7333333333333333,5.716666666666667,False,
1180,19200,80.0,31,0,4.521604938271605,0.0,4.214743589743589,False,
1181,18000,75.0,10,0,8.2,27.983333333333334,28.95,False,
1182,15600,65.0,16,0,31.00378787878788,5.568181818181818,4.226190476190476,False,
1183,20400,85.0,31,0,28.69047619047619,0.0,3.2758620689655173,False,
1184,18000,75.0,16,0,36.43333333333333,14.8,52.96666666666667,False,
1185,18000,75.0,25,0,25.183333333333334,0.45,20.233333333333334,False,
1186,15600,65.0,0,0,25.265151515151516,6.534090909090909,61.74603174603175,True,no_annotation
1187,21600,90.0,3,0,8.61111111111111,23.5,52.833333333333336,False,
1188,15600,65.0,0,0,17.291666666666668,21.571969696969695,0.07936507936507936,True,no_annotation
1189,15600,65.0,22,1,63.46590909090909,3.2386363636363638,0.5555555555555556,False,
1190,16800,70.0,9,0,38.06159420289855,42.53623188405797,1.875,False,
1191,15600,65.0,11,0,57.765151515151516,0.0,1.5674603174603174,False,
1192,16800,70.0,11,0,20.76086956521739,0.0,5.225694444444445,False,
1193,15600,65.0,23,0,11.155303030303031,0.0,0.5753968253968254,False,
1194,16800,70.0,11,0,2.427536231884058,3.1884057971014492,7.170138888888889,False,
1195,16800,70.0,3,0,1.6304347826086956,1.5579710144927537,7.569444444444445,False,
1196,19200,80.0,4,0,29.182098765432098,48.425925925925924,27.19551282051282,False,
1197,16800,70.0,15,0,0.21739130434782608,0.0,0.5208333333333334,False,
1198,15600,65.0,12,0,46.496212121212125,79.73484848484848,10.317460317460318,False,
1199,16800,70.0,9,0,49.492753623188406,43.04347826086956,31.70138888888889,False,
1200,19200,80.0,21,0,7.438271604938271,11.296296296296296,31.987179487179485,False,
1201,19200,80.0,32,1,18.950617283950617,15.123456790123457,16.490384615384617,False,
1202,16800,70.0,5,0,9.601449275362318,13.768115942028986,31.05902777777778,False,
1203,18016,75.06666666666666,22,0,1.25,2.683333333333333,6.133643617021277,False,
1204,16800,70.0,0,0,0.2717391304347826,0.7971014492753623,33.541666666666664,True,no_annotation
1205,15600,65.0,0,0,14.640151515151516,3.125,19.821428571428573,True,no_annotation
1206,18000,75.0,17,0,46.6,2.85,24.05,False,
1207,14880,62.0,3,0,5.734126984126984,9.186507936507937,3.9583333333333335,False,
1208,21600,90.0,20,1,12.48611111111111,0.0,0.6111111111111112,False,
1209,16800,70.0,10,0,2.989130434782609,29.14855072463768,0.5729166666666666,False,
1210,16800,70.0,11,0,46.358695652173914,19.891304347826086,21.475694444444443,False,
1211,20400,85.0,18,0,5.967261904761905,12.946428571428571,25.5316091954023,False,
1212,15600,65.0,5,0,0.20833333333333334,0.0,0.2976190476190476,False,
1213,19200,80.0,15,0,0.0,6.481481481481482,27.596153846153847,False,
1214,16800,70.0,14,1,8.659420289855072,21.61231884057971,41.05902777777778,False,
1215,16800,70.0,14,0,31.068840579710145,38.31521739130435,26.84027777777778,False,
1216,16800,70.0,11,0,0.7608695652173914,87.82608695652173,4.913194444444445,False,
1217,16800,70.0,14,0,0.21739130434782608,28.94927536231884,24.322916666666668,False,
1218,21030,87.625,4,0,26.92528735632184,24.439655172413794,93.34739803094233,False,
1219,16800,70.0,12,0,4.329710144927536,0.5615942028985508,25.27777777777778,False,
1220,18000,75.0,11,0,2.2333333333333334,18.6,35.68333333333333,False,
1221,16800,70.0,30,0,0.0,1.358695652173913,4.878472222222222,False,
1222,18000,75.0,20,0,1.7833333333333334,3.316666666666667,77.81666666666666,False,
1223,15600,65.0,2,0,39.88636363636363,0.1893939393939394,21.746031746031747,False,
1224,15600,65.0,32,1,0.11363636363636363,0.4734848484848485,14.662698412698413,False,
1225,15600,65.0,16,0,32.51893939393939,19.185606060606062,13.432539682539682,False,
1226,15600,65.0,16,0,10.284090909090908,2.537878787878788,6.309523809523809,False,
1227,18000,75.0,1,0,2.55,14.65,51.45,False,
1228,16800,70.0,14,0,23.985507246376812,38.96739130434783,38.923611111111114,False,
1229,16800,70.0,10,0,1.1231884057971016,2.989130434782609,0.4513888888888889,False,
1230,15600,65.0,0,0,0.17045454545454544,3.6553030303030303,12.738095238095237,True,no_annotation
1231,15600,65.0,16,0,0.0,0.0,60.932539682539684,False,
1232,16800,70.0,20,0,7.2101449275362315,9.83695652173913,47.239583333333336,False,
1233,15600,65.0,10,0,0.0,37.31060606060606,2.2222222222222223,False,
1234,16800,70.0,11,0,3.6956521739130435,11.014492753623188,18.88888888888889,False,
1235,14400,60.0,6,0,7.6875,31.875,28.791666666666668,False,
1236,16800,70.0,12,0,1.358695652173913,9.782608695652174,19.09722222222222,False,
1237,16800,70.0,15,0,10.072463768115941,7.047101449275362,23.211805555555557,False,
1238,16800,70.0,12,0,57.46376811594203,49.27536231884058,10.677083333333334,False,
1239,20400,85.0,9,0,10.461309523809524,24.702380952380953,29.899425287356323,False,
1240,19200,80.0,17,0,48.04012345679013,8.796296296296296,21.923076923076923,False,
1241,19200,80.0,0,0,77.31481481481481,23.441358024691358,4.086538461538462,True,no_annotation
1242,16800,70.0,22,0,0.14492753623188406,68.55072463768116,5.0,False,
1243,15600,65.0,8,0,2.9356060606060606,74.90530303030303,12.658730158730158,False,
1244,16800,70.0,0,0,21.159420289855074,88.44202898550725,33.36805555555556,True,no_annotation
1245,16800,70.0,18,0,0.0,0.0,1.2673611111111112,False,
1246,16800,70.0,16,0,0.14492753623188406,14.710144927536232,41.59722222222222,False,
1247,19200,80.0,7,0,46.651234567901234,7.361111111111111,42.61217948717949,False,
1248,15600,65.0,22,0,0.6060606060606061,1.3825757575757576,2.7182539682539684,False,
1249,15600,65.0,7,0,0.4734848484848485,0.7007575757575758,14.603174603174603,False,
1250,16800,70.0,2,0,0.0,0.0,2.0659722222222223,False,
1251,16800,70.0,17,0,4.692028985507246,89.6195652173913,37.93402777777778,False,
1252,15600,65.0,16,0,42.140151515151516,9.166666666666666,48.3531746031746,False,
1253,16800,70.0,2,0,0.0,46.141304347826086,0.24305555555555555,False,
1254,16800,70.0,0,0,8.423913043478262,34.583333333333336,1.9270833333333333,True,no_annotation
1255,16800,70.0,30,0,3.532608695652174,9.184782608695652,22.083333333333332,False,
1256,20416,85.06666666666666,18,0,4.970238095238095,9.032738095238095,21.50229357798165,False,
1257,16800,70.0,11,0,0.0,0.4166666666666667,20.90277777777778,False,
1258,14400,60.0,0,0,32.9375,20.208333333333332,22.3125,True,no_annotation
1259,15600,65.0,15,0,2.5946969696969697,0.7007575757575758,15.079365079365079,False,
1260,15600,65.0,18,0,26.723484848484848,5.09469696969697,0.1388888888888889,False,
1261,15600,65.0,25,0,3.522727272727273,9.204545454545455,60.29761904761905,False,
1262,14400,60.0,10,0,38.3125,2.0208333333333335,42.041666666666664,False,
1263,16800,70.0,0,0,0.09057971014492754,23.278985507246375,24.791666666666668,True,no_annotation
1264,15600,65.0,20,0,0.2840909090909091,1.6666666666666667,22.123015873015873,False,
1265,14400,60.0,14,0,0.0,7.791666666666667,5.9375,False,
1266,14400,60.0,18,0,1.125,6.895833333333333,65.5,False,
1267,19200,80.0,0,0,16.46604938271605,0.6944444444444444,48.81410256410256,True,no_annotation
1268,14400,60.0,0,0,22.791666666666668,46.270833333333336,33.125,True,no_annotation
1269,14400,60.0,20,0,12.708333333333334,9.25,14.479166666666666,False,
1270,16800,70.0,21,0,19.293478260869566,25.634057971014492,23.333333333333332,False,
1271,19200,80.0,16,0,8.533950617283951,4.722222222222222,41.42628205128205,False,
1272,19200,80.0,10,0,0.37037037037037035,1.4351851851851851,21.602564102564102,False,
1273,15600,65.0,9,0,2.3863636363636362,16.268939393939394,0.47619047619047616,False,
1274,15542,64.75833333333334,19,0,0.0,0.4166666666666667,23.88598956242473,False,
1275,18000,75.0,0,0,23.0,7.15,14.283333333333333,True,no_annotation
1276,16800,70.0,24,0,5.815217391304348,15.054347826086957,2.9166666666666665,False,
1277,21600,90.0,12,0,11.26388888888889,7.930555555555555,71.66666666666667,False,
1278,20400,85.0,16,0,11.979166666666666,46.94940476190476,25.660919540229884,False,
1279,16800,70.0,1,0,2.717391304347826,12.192028985507246,24.84375,False,
1280,16254,67.725,4,0,60.81521739130435,13.442028985507246,45.03260452627541,False,
1281,15600,65.0,24,0,29.71590909090909,12.859848484848484,20.793650793650794,False,
1282,16800,70.0,0,0,50.0,12.119565217391305,29.34027777777778,True,no_annotation
1283,21600,90.0,33,0,0.08333333333333333,0.19444444444444445,16.819444444444443,False,
1284,15600,65.0,0,0,44.621212121212125,3.996212121212121,34.682539682539684,True,no_annotation
1285,16800,70.0,11,0,40.072463768115945,23.804347826086957,23.385416666666668,False,
1286,19200,80.0,7,0,20.030864197530864,20.169753086419753,28.141025641025642,False,
1287,18000,75.0,1,0,15.166666666666666,11.733333333333333,12.383333333333333,False,
1288,21600,90.0,0,0,31.40277777777778,19.36111111111111,10.208333333333334,True,no_annotation
1289,21600,90.0,24,0,0.4305555555555556,7.111111111111111,38.708333333333336,False,
1290,16800,70.0,23,0,9.184782608695652,0.0,18.506944444444443,False,
1291,19200,80.0,27,0,1.0339506172839505,34.151234567901234,60.73717948717949,False,
1292,16800,70.0,2,0,2.5181159420289854,0.14492753623188406,2.7083333333333335,False,
1293,15761,65.67083333333333,16,0,45.77651515151515,10.094696969696969,42.14574120361469,False,
1294,15600,65.0,14,0,21.53409090909091,0.24621212121212122,7.321428571428571,False,
1295,15600,65.0,23,0,60.56818181818182,0.45454545454545453,5.753968253968254,False,
1296,19200,80.0,4,0,17.73148148148148,24.691358024691358,27.628205128205128,False,
1297,16800,70.0,10,0,25.615942028985508,26.630434782608695,30.0,False,
1298,19200,80.0,22,0,4.938271604938271,0.10802469135802469,0.5288461538461539,False,
1299,16800,70.0,9,0,10.68840579710145,10.706521739130435,21.770833333333332,False,
1300,18000,75.0,13,0,48.3,10.9,16.183333333333334,False,
1301,15600,65.0,1,0,34.33712121212121,19.41287878787879,24.642857142857142,False,
1302,18000,75.0,17,0,14.783333333333333,17.433333333333334,15.783333333333333,False,
1303,16800,70.0,26,0,7.083333333333333,5.489130434782608,13.92361111111111,False,
1304,20400,85.0,3,0,23.675595238095237,10.714285714285714,31.408045977011493,False,
1305,21006,87.525,24,0,0.9770114942528736,0.1724137931034483,93.22607959356478,False,
1306,15600,65.0,4,0,2.727272727272727,14.659090909090908,35.75396825396825,False,
1307,16800,70.0,27,0,1.213768115942029,0.39855072463768115,11.770833333333334,False,
1308,16800,70.0,17,0,0.0,0.3079710144927536,2.0659722222222223,False,
1309,18518,77.15833333333333,22,0,6.298076923076923,4.663461538461538,69.37727724412056,False,
1310,21600,90.0,14,0,26.38888888888889,23.11111111111111,36.31944444444444,False,
1311,15600,65.0,8,0,10.43560606060606,50.01893939393939,13.76984126984127,False,
1312,16800,70.0,6,0,0.0,0.09057971014492754,44.84375,False,
1313,16800,70.0,14,0,9.692028985507246,11.068840579710145,43.90625,False,
1314,15600,65.0,20,0,0.0,0.0,0.15873015873015872,False,
1315,15600,65.0,42,1,0,0,0,False,
1316,19200,80.0,8,0,0.0,0.07716049382716049,3.5256410256410255,False,
1317,19200,80.0,18,0,0.0,2.700617283950617,4.791666666666667,False,
1318,18000,75.0,12,0,10.583333333333334,63.8,36.65,False,
1319,15600,65.0,21,0,3.882575757575758,0.0,1.626984126984127,False,
1320,15600,65.0,18,0,54.18560606060606,0.13257575757575757,13.273809523809524,False,
1321,16800,70.0,8,0,0.0,22.10144927536232,52.638888888888886,False,
1322,15600,65.0,4,0,0.22727272727272727,0.1893939393939394,1.7857142857142858,False,
1323,19200,80.0,20,0,0.5709876543209876,1.1111111111111112,3.573717948717949,False,
1324,15600,65.0,17,0,0.13257575757575757,0.17045454545454544,0.6944444444444444,False,
1325,19200,80.0,14,0,17.94753086419753,10.50925925925926,14.647435897435898,False,
1326,16800,70.0,14,0,9.003623188405797,5.634057971014493,14.756944444444445,False,
1327,16800,70.0,0,0,0.0,0.2717391304347826,14.409722222222221,True,no_annotation
1328,18000,75.0,9,0,30.066666666666666,40.63333333333333,31.283333333333335,False,
1329,19220,80.08333333333333,0,0,0.4166666666666667,0.12345679012345678,27.9073482428115,True,no_annotation
1330,19200,80.0,17,0,3.9814814814814814,12.839506172839506,8.125,False,
1331,15600,65.0,27,0,0.07575757575757576,3.446969696969697,27.023809523809526,False,
1332,19200,80.0,0,0,29.84567901234568,0.0,12.435897435897436,True,no_annotation
1333,16800,70.0,5,0,0.9963768115942029,37.01086956521739,24.67013888888889,False,
1334,16800,70.0,18,0,1.539855072463768,31.97463768115942,11.336805555555555,False,
1335,16800,70.0,0,0,1.0326086956521738,18.858695652173914,54.02777777777778,True,no_annotation
1336,16800,70.0,0,0,21.902173913043477,19.63768115942029,19.600694444444443,True,no_annotation
1337,15600,65.0,3,0,1.7613636363636365,7.462121212121212,4.007936507936508,False,
1338,18000,75.0,6,0,53.36666666666667,31.933333333333334,50.0,False,
1339,19200,80.0,0,0,19.969135802469136,4.737654320987654,12.371794871794872,True,no_annotation
1340,19200,80.0,27,0,0.0,0.21604938271604937,1.3461538461538463,False,
1341,15600,65.0,26,0,0.32196969696969696,5.303030303030303,10.178571428571429,False,
1342,15600,65.0,0,0,0.6818181818181818,0.0,9.166666666666666,True,no_annotation
1343,16800,70.0,9,0,27.318840579710145,0.19927536231884058,19.322916666666668,False,
1344,21616,90.06666666666666,8,0,32.986111111111114,7.486111111111111,21.06430155210643,False,
1345,15600,65.0,17,0,61.666666666666664,8.655303030303031,14.603174603174603,False,
1346,15600,65.0,0,0,0.8522727272727273,0.7386363636363636,3.373015873015873,True,no_annotation
1347,18000,75.0,17,0,13.583333333333334,14.033333333333333,29.75,False,
1348,18000,75.0,22,0,0.0,0.1,12.6,False,
1349,15600,65.0,0,0,48.65530303030303,0.3409090909090909,4.345238095238095,True,no_annotation
1350,16800,70.0,12,0,42.26449275362319,0.0,3.4722222222222223,False,
1351,21600,90.0,16,0,0.06944444444444445,43.041666666666664,83.91666666666667,False,
1352,15600,65.0,18,0,0.13257575757575757,22.78409090909091,0.35714285714285715,False,
1353,18000,75.0,4,0,37.05,4.966666666666667,20.85,False,
1354,18000,75.0,0,0,0.03333333333333333,2.1333333333333333,62.083333333333336,True,no_annotation
1355,21600,90.0,23,0,1.4444444444444444,14.86111111111111,21.98611111111111,False,
1356,14623,60.92916666666667,14,0,67.20833333333333,8.875,20.147322317340233,False,
1357,18000,75.0,0,0,8.883333333333333,22.333333333333332,83.43333333333334,True,no_annotation
1358,19173,79.8875,8,0,12.700617283950617,17.854938271604937,99.98390471591824,False,
1359,16800,70.0,6,0,11.41304347826087,1.141304347826087,14.270833333333334,False,
1360,18000,75.0,17,0,0.03333333333333333,11.316666666666666,29.616666666666667,False,
1361,16800,70.0,4,0,100.0,21.992753623188406,20.520833333333332,False,
1362,15600,65.0,19,0,0.3787878787878788,9.753787878787879,39.66269841269841,False,
1363,21600,90.0,30,0,3.2222222222222223,23.76388888888889,26.291666666666668,False,
1364,16800,70.0,27,0,0.5072463768115942,2.010869565217391,60.65972222222222,False,
1365,16800,70.0,11,0,4.963768115942029,17.644927536231883,45.59027777777778,False,
1366,16800,70.0,23,0,15.16304347826087,11.268115942028986,30.95486111111111,False,
1367,16800,70.0,8,0,32.86231884057971,39.45652173913044,20.03472222222222,False,
1368,16800,70.0,21,0,4.547101449275362,0.18115942028985507,11.25,False,
1369,21600,90.0,4,0,17.958333333333332,29.75,13.152777777777779,False,
1370,18000,75.0,1,0,0.08333333333333333,0.5833333333333334,13.216666666666667,False,
1371,15600,65.0,23,0,6.306818181818182,0.15151515151515152,0.6944444444444444,False,
1372,18000,75.0,22,0,27.216666666666665,55.06666666666667,29.116666666666667,False,
1373,15600,65.0,18,0,9.015151515151516,19.65909090909091,27.142857142857142,False,
1374,16800,70.0,19,0,5.742753623188406,27.119565217391305,26.875,False,
1375,19200,80.0,29,0,1.1574074074074074,0.2006172839506173,36.07371794871795,False,
1376,21600,90.0,8,0,45.27777777777778,0.2638888888888889,1.9583333333333333,False,
1377,20400,85.0,17,0,1.5476190476190477,12.678571428571429,19.137931034482758,False,
1378,15600,65.0,1,0,3.977272727272727,4.431818181818182,11.865079365079366,False,
1379,15600,65.0,15,0,2.9734848484848486,0.928030303030303,7.638888888888889,False,
1380,19560,81.5,11,0,52.56666666666667,26.55,17.366666666666667,False,
1381,19216,80.06666666666666,23,0,0.43209876543209874,4.4907407407407405,15.9846547314578,False,
1382,18000,75.0,25,0,16.016666666666666,5.366666666666666,34.55,False,
1383,18000,75.0,12,0,10.633333333333333,19.466666666666665,81.9,False,
1384,21600,90.0,0,0,37.40277777777778,3.1666666666666665,26.75,True,no_annotation
1385,15600,65.0,18,0,0.22727272727272727,0.5681818181818182,9.503968253968255,False,
1386,16800,70.0,19,0,1.9021739130434783,80.8695652173913,8.055555555555555,False,
1387,16800,70.0,22,0,15.742753623188406,0.0,0.0,False,
1388,16800,70.0,17,0,0.0,0.0,2.6909722222222223,False,
1389,15600,65.0,9,0,11.098484848484848,0.0,0.31746031746031744,False,
1390,15600,65.0,21,0,0.0,0.0,32.916666666666664,False,
1391,16800,70.0,0,0,0.39855072463768115,0.0,1.6840277777777777,True,no_annotation
1392,19200,80.0,2,0,4.320987654320987,25.864197530864196,19.118589743589745,False,
1393,15600,65.0,0,0,0.0,0.8522727272727273,1.7261904761904763,True,no_annotation
1394,18000,75.0,8,0,6.733333333333333,3.4,50.03333333333333,False,
1395,16800,70.0,8,0,24.60144927536232,12.53623188405797,1.6319444444444444,False,
1396,15600,65.0,0,0,44.621212121212125,1.553030303030303,7.916666666666667,True,no_annotation
1397,16800,70.0,0,0,0.0,0.6702898550724637,7.326388888888889,True,no_annotation
1398,18000,75.0,6,0,0.0,0.0,7.166666666666667,False,
1399,18000,75.0,6,0,0.0,0.7666666666666667,21.75,False,
1400,16800,70.0,0,0,0.47101449275362317,0.5434782608695652,10.48611111111111,True,no_annotation
1401,20400,85.0,12,0,41.830357142857146,11.145833333333334,13.491379310344827,False,
1402,15600,65.0,22,0,1.0227272727272727,35.73863636363637,7.242063492063492,False,
1403,18000,75.0,14,0,50.083333333333336,1.9833333333333334,19.666666666666668,False,
1404,19200,80.0,3,0,1.6975308641975309,22.962962962962962,60.12820512820513,False,
1405,16800,70.0,1,0,41.97463768115942,1.9565217391304348,18.333333333333332,False,
1406,19200,80.0,0,0,5.87962962962963,5.7253086419753085,30.416666666666668,True,no_annotation
1407,19200,80.0,22,0,20.617283950617285,24.25925925925926,39.7275641025641,False,
1408,18789,78.2875,15,0,33.50961538461539,12.48397435897436,70.31225233792995,False,
1409,19200,80.0,5,0,0,0,0,False,
1410,21600,90.0,23,0,14.666666666666666,14.472222222222221,30.27777777777778,False,
1411,16800,70.0,9,0,22.89855072463768,5.561594202898551,45.0,False,
1412,18000,75.0,9,0,0.0,0.35,0.8833333333333333,False,
1413,19200,80.0,33,0,5.864197530864198,3.626543209876543,22.083333333333332,False,
1414,15600,65.0,21,0,16.117424242424242,4.7727272727272725,44.12698412698413,False,
1415,15600,65.0,0,0,32.44318181818182,32.78409090909091,12.55952380952381,True,no_annotation
1416,21600,90.0,18,0,1.7638888888888888,6.180555555555555,12.63888888888889,False,
1417,21600,90.0,6,0,1.2777777777777777,5.013888888888889,84.56944444444444,False,
1418,19200,80.0,20,0,2.5462962962962963,21.959876543209877,13.814102564102564,False,
1419,21600,90.0,11,0,3.0972222222222223,20.72222222222222,27.36111111111111,False,
1420,15600,65.0,0,0,4.715909090909091,0.6439393939393939,1.369047619047619,True,no_annotation
1421,16800,70.0,16,0,8.840579710144928,15.72463768115942,13.333333333333334,False,
1422,19200,80.0,0,0,52.29938271604938,19.799382716049383,45.75320512820513,True,no_annotation
1423,16800,70.0,15,0,0.3442028985507246,0.7065217391304348,2.048611111111111,False,
1424,16800,70.0,21,0,2.300724637681159,13.822463768115941,40.607638888888886,False,
1425,16800,70.0,21,0,50.108695652173914,0.0,91.80555555555556,False,
1426,18000,75.0,4,0,0.0,0.0,1.2166666666666666,False,
1427,15600,65.0,8,0,27.59469696969697,0.3787878787878788,1.8452380952380953,False,
1428,15600,65.0,28,0,13.31439393939394,31.34469696969697,25.555555555555557,False,
1429,15600,65.0,20,0,41.09848484848485,0.32196969696969696,8.531746031746032,False,
1430,18020,75.08333333333333,22,0,38.9,37.9,8.255813953488373,False,
1431,15752,65.63333333333334,0,0,27.348484848484848,91.32575757575758,36.517719568567024,True,no_annotation
1432,15600,65.0,11,0,17.40530303030303,61.21212121212121,14.305555555555555,False,
1433,19200,80.0,23,0,22.299382716049383,18.626543209876544,40.80128205128205,False,
1434,16800,70.0,3,0,8.55072463768116,17.590579710144926,50.625,False,
1435,18000,75.0,30,0,7.883333333333334,21.45,18.183333333333334,False,
1436,20477,85.32083333333334,0,0,13.794642857142858,8.333333333333334,86.35782293591019,True,no_annotation
1437,16800,70.0,8,0,0.0,0.0,28.71527777777778,False,
1438,18000,75.0,14,0,13.65,17.083333333333332,18.833333333333332,False,
1439,16800,70.0,32,0,7.971014492753623,0.36231884057971014,15.60763888888889,False,
1440,15600,65.0,26,0,56.96969696969697,3.0303030303030303,0.49603174603174605,False,
1441,15600,65.0,10,0,0.13257575757575757,0.7386363636363636,3.9484126984126986,False,
1442,19200,80.0,30,1,13.703703703703704,0.18518518518518517,0.0,False,
1443,15600,65.0,18,0,0.2840909090909091,48.333333333333336,16.488095238095237,False,
1444,16800,70.0,7,0,46.358695652173914,5.996376811594203,46.510416666666664,False,
1445,16800,70.0,11,0,4.891304347826087,12.590579710144928,19.739583333333332,False,
1446,15600,65.0,14,0,43.14393939393939,0.9848484848484849,10.03968253968254,False,
1447,18000,75.0,12,0,55.65,7.0,20.433333333333334,False,
1448,19200,80.0,9,0,49.660493827160494,17.037037037037038,81.66666666666667,False,
1449,18000,75.0,15,0,33.266666666666666,32.81666666666667,22.233333333333334,False,
1450,16800,70.0,12,1,2.7717391304347827,3.0434782608695654,13.559027777777779,False,
1451,16800,70.0,0,0,62.916666666666664,1.2681159420289856,14.375,True,no_annotation
1452,18000,75.0,8,0,32.583333333333336,16.216666666666665,78.45,False,
1453,15600,65.0,3,0,0.6628787878787878,33.40909090909091,0.7142857142857143,False,
1454,18000,75.0,10,0,0.0,0.11666666666666667,6.683333333333334,False,
1455,19200,80.0,27,0,6.929012345679013,15.308641975308642,53.4775641025641,False,
1456,19200,80.0,0,0,2.808641975308642,4.320987654320987,10.592948717948717,True,no_annotation
1457,16820,70.08333333333333,27,0,8.134057971014492,13.931159420289855,7.8719723183391,False,
1458,16800,70.0,32,0,8.079710144927537,34.891304347826086,19.21875,False,
1459,18000,75.0,8,0,1.7666666666666666,1.6833333333333333,8.383333333333333,False,
1460,18000,75.0,23,0,22.733333333333334,9.95,18.666666666666668,False,
1461,16800,70.0,21,0,21.44927536231884,25.52536231884058,0.3472222222222222,False,
1462,19200,80.0,10,0,2.2685185185185186,29.62962962962963,27.612179487179485,False,
1463,21620,90.08333333333333,14,0,17.916666666666668,6.097222222222222,47.36842105263158,False,
1464,21618,90.075,36,0,0.2777777777777778,0.06944444444444445,5.791077860903298,False,
1465,18000,75.0,2,0,2.6166666666666667,23.55,33.71666666666667,False,
1466,16800,70.0,21,0,2.318840579710145,33.38768115942029,19.305555555555557,False,
1467,18000,75.0,7,0,3.7666666666666666,9.366666666666667,20.75,False,
1468,18000,75.0,41,0,15.266666666666667,0.21666666666666667,6.033333333333333,False,
1469,15600,65.0,7,0,11.25,11.931818181818182,63.69047619047619,False,
1470,16800,70.0,28,0,1.5942028985507246,20.815217391304348,41.927083333333336,False,
1471,18020,75.08333333333333,11,0,19.266666666666666,3.4166666666666665,6.212624584717608,False,
1472,18000,75.0,27,0,41.96666666666667,11.233333333333333,21.233333333333334,False,
1473,16800,70.0,46,0,41.992753623188406,3.8405797101449277,9.652777777777779,False,
1474,16800,70.0,3,0,57.55434782608695,8.333333333333334,11.805555555555555,False,
1475,18000,75.0,26,0,5.616666666666666,19.783333333333335,61.81666666666667,False,
1476,19220,80.08333333333333,21,0,29.55246913580247,0.0,5.782747603833866,False,
1477,16800,70.0,0,0,1.25,58.42391304347826,13.038194444444445,True,no_annotation
1478,19200,80.0,10,0,0.37037037037037035,0.0,7.387820512820513,False,
1479,19220,80.08333333333333,15,0,0.4783950617283951,1.1882716049382716,2.1725239616613417,False,
1480,21600,90.0,18,0,0.2361111111111111,3.875,35.388888888888886,False,
1481,20400,85.0,3,0,36.99404761904762,27.678571428571427,10.373563218390805,False,
1482,15600,65.0,9,0,42.67045454545455,11.325757575757576,9.285714285714286,False,
1483,20400,85.0,24,0,0.0,0.7886904761904762,11.063218390804598,False,
1484,19200,80.0,19,0,6.805555555555555,8.348765432098766,8.91025641025641,False,
1485,20419,85.07916666666667,18,0,1.5625,2.232142857142857,5.115346038114343,False,
1486,15600,65.0,22,0,2.140151515151515,4.071969696969697,4.265873015873016,False,
1487,16800,70.0,27,0,11.231884057971014,4.4021739130434785,20.12152777777778,False,
1488,18000,75.0,22,0,32.95,5.433333333333334,28.266666666666666,False,
1489,21600,90.0,36,0,0.4166666666666667,0.8055555555555556,3.7222222222222223,False,
1490,20400,85.0,23,0,6.711309523809524,15.9375,15.014367816091953,False,
1491,19200,80.0,21,0,0.46296296296296297,1.2654320987654322,5.592948717948718,False,
1492,19200,80.0,4,0,43.873456790123456,4.166666666666667,30.94551282051282,False,
1493,16800,70.0,0,0,14.80072463768116,19.855072463768117,22.06597222222222,True,no_annotation
1494,20400,85.0,22,0,1.3541666666666667,1.7261904761904763,6.925287356321839,False,
1495,19200,80.0,9,0,45.57098765432099,0.24691358024691357,2.3878205128205128,False,
1496,19200,80.0,14,0,23.209876543209877,41.574074074074076,14.551282051282051,False,
1497,16800,70.0,10,0,1.1775362318840579,2.3731884057971016,27.586805555555557,False,
1498,15600,65.0,18,0,0.0946969696969697,30.321969696969695,0.0,False,
1499,20400,85.0,9,0,3.8541666666666665,1.9642857142857142,2.0402298850574714,False,
1500,21600,90.0,18,0,18.416666666666668,34.68055555555556,28.27777777777778,False,
1501,19200,80.0,22,0,42.77777777777778,46.358024691358025,45.625,False,
1502,19220,80.08333333333333,17,0,6.574074074074074,6.929012345679013,22.44408945686901,False,
1503,18000,75.0,8,0,22.65,0.0,0.0,False,
1504,16800,70.0,20,0,40.9963768115942,15.742753623188406,10.659722222222221,False,
1505,18000,75.0,8,0,2.65,0.25,0.48333333333333334,False,
1506,19200,80.0,26,0,0.0,0.15432098765432098,15.592948717948717,False,
2001,17767,74.02916666666667,8,0,0,0,0,False,
2002,17274,71.975,13,0,0,0,0,False,
2003,21218,88.40833333333333,0,0,0,0,0,True,no_annotation
2004,21231,88.4625,9,0,0,0,0,False,
2005,21458,89.40833333333333,15,0,0,0,0,False,
2006,21305,88.77083333333333,11,0,0,0,0,False,
2007,19763,82.34583333333333,13,0,0,0,0,False,
2008,20114,83.80833333333334,5,0,0,0,0,False,
2009,18524,77.18333333333334,0,0,0,0,0,True,no_annotation
2010,18188,75.78333333333333,14,0,0,0,0,False,
2011,18000,75.0,21,0,0,0,0,False,
2012,18770,78.20833333333333,6,0,0,0,0,False,
2013,18424,76.76666666666667,4,0,0,0,0,False,
2014,17608,73.36666666666666,11,0,0,0,0,False,
2015,16723,69.67916666666666,0,0,0,0,0,True,no_annotation
2016,16585,69.10416666666667,11,0,0,0,0,False,
2017,19119,79.6625,9,0,0,0,0,False,
2018,20450,85.20833333333333,5,0,0,0,0,False,
2019,18849,78.5375,8,0,0,0,0,False,
2020,18155,75.64583333333333,3,0,0,0,0,False,
2021,19230,80.125,26,0,0,0,0,False,
2022,18384,76.6,10,0,0,0,0,False,
2023,17541,73.0875,0,0,0,0,0,True,no_annotation
2024,17678,73.65833333333333,14,0,0,0,0,False,
2025,19130,79.70833333333333,19,0,0,0,0,False,
2026,21347,88.94583333333334,15,0,0,0,0,False,
2027,21183,88.2625,7,0,0,0,0,False,
2028,18415,76.72916666666667,8,0,0,0,0,False,
2029,18957,78.9875,23,0,0,0,0,False,
2030,18083,75.34583333333333,5,0,0,0,0,False,
2031,17146,71.44166666666666,21,0,0,0,0,False,
2032,17745,73.9375,6,0,0,0,0,False,
2033,17706,73.775,8,0,0,0,0,False,
2034,17560,73.16666666666667,14,0,0,0,0,False,
2035,17761,74.00416666666666,7,0,0,0,0,False,
2036,18599,77.49583333333334,16,0,0,0,0,False,
2037,19099,79.57916666666667,9,0,0,0,0,False,
2038,18568,77.36666666666666,18,0,0,0,0,False,
2039,19142,79.75833333333334,15,0,0,0,0,False,
2040,20775,86.5625,0,0,0,0,0,True,no_annotation
2041,20679,86.1625,20,0,0,0,0,False,
2042,19082,79.50833333333334,3,0,0,0,0,False,
2043,20400,85.0,20,0,0,0,0,False,
2044,19110,79.625,3,0,0,0,0,False,
2045,14894,62.05833333333333,10,0,0,0,0,False,
2046,19137,79.7375,0,0,0,0,0,True,no_annotation
